1,겪지 않아도 되는 일인데 넘 아픕니다.<br>저들의 횡포가 극악무도해서 최후에 발악이 일본 저들과 다를바가 없습니다만 그래도 이또한 지나가리라 믿습니다.
1,"대표님, 이번에 더 많은 지지를 받으며 대통령 되십시오"
1,"참.가슴,메인한.풀기.위해.싸웁시다.나를위해.이재명.응원합니다."
1,정의당은 그냥 두 기득권이 자기 밥그릇 챙기는 것 뿐이다..이렇게 표현한다.  틀렸다 이재명을 모르고 하는 말이다 그 사람은 자기 자신을 챙기면서 여기까지 온 사람이 아니다 라는  것을..정작 기득권에 붙어있는 자들이 본인 인 것을 왜 모르는가 정의당아..
1,다시들어봅니다.눈물이 나요.ㅜㅜ
1,이재명대표님.   힘내서. 일어나세요.  몸이. 있어야. 같이 행을 할수잇습니다.  몸을 건강. 히 돌봇ㅔ요
1,우리는.    힘내서. 같이 살아보자
1,"그제도 어제도 봤는데, 오늘도 보고싶어 또 채널을 찾아왔어요. 울잼 오늘 일요일아침인데 무얼하고 계실지?^^~ 오늘 또 어떻게 시간을쪼개서 일을하실까?... 고민하고 계실듯ㅠㅠ. 울잼이 단하루라도 온전히 휴식을취하셨으면 정말 좋겠습니다.그 뽀얗던 우윳빛깔 피부를 되찾아 드리겠습니다! 반드시 오직 이재명대통령!!!!!~~~ 힘내자요💪💪💪. 오늘 하루라도 편안하세요.울 김혜경여사님과 아드님들과함께, 맛난거 많이드시고, 행복한시간 보내세요. 한없이 존경하고, 사랑합니다 💙🍀🙆‍♂️"
1,아직도 울컥합니다.<br>여전히 안타깝고 가슴아파요.<br>다음 대선엔 반드시 이재명 대통령입니다
1,대표님 꼭 청와대 들어가세요<br>연설중에 뒤로가시겠습니까? 앞으로가시겠습니까 연설속에 우린 뒤로 가고 있습니다<br>대표님께서는 다 알고 계신거에요 <br>대한민국은 이재명 대통령님께서 계셔서 다시 일어납니다<br>대표님 꼭 건강하세요
1,다시보니 눈물 납니다<br>간절히 바랬습니다<br>고생 하셨어요<br>꼭 대통령 되실겁니다💯🇰🇷
1,오직 이재명 ㅠㅠ
1,"“오년” 동안 숨죽이고 눈만 껌뻑 껌뻑 하다가 엉뚱하게도 박씨,이씨, 사면시키고,부리나케 퇴장한,<br>교할한 문대똥!<br>허허웃으며 한가히 노니는 모습 보기싫다!<br>  쥐죽은듯 조용히 계시라!"
1,"“오년” 동안 숨죽이고 눈만 껌뻑 껌뻑 하다가 엉뚱하게도 박씨,이씨, 사면시키고,부리나케 퇴장한,<br>교할한 문대똥!<br>허허웃으며 한가히 노니는 모습 보기싫다!<br>  쥐죽은듯 조용히 계시라!"
1,조국.추미애가 윤통 검총 일당들에게 그리 휘둘려 당 하고 있을때 아무짓도 안하고 보고만 있던 무능한 자.<br>노도와 같은 국민들의 개혁의 물결을 그냥 흘려 보내 버린 무능한 놈. 저 무능을 질타 할라치면 쏟아졌던 문빠들의 비난세례.
1,한숨이 나온다.<br> 이게 나라네. <br>이재명이싫어 멧돼지 선택한 문파들 좋겠다. <br>검찰공화국 개돼지인증 축하합니다
1,힘내세요 👍꼭 청와대로 🙏
1,꼭 대통령 될겁니다
1,유일한 대통령 후보다운 후보~~  이재명!!<br><br>당신이 아닌 엉뚱한 넘이 대통령이 된 지금<br>대한민국은 풍전등화에 놓여 있습니다.<br><br>하루빨리 정신머리없는 저 작자가 내려오고 당신이 이끄는 대한민국에서 살고 싶습니다.
1,국민이다함게잘사는나라많들어주세요  대표님  ♡
1,21대 대통령으로 인사드렸으면 합니다
1,이재명 대표님 그 힘든 가시밭 길이 얼마나 외로우실까요?  그럼에도 불구하고 국민들을  포기 하지 마시길.
1,다음 대선만 기다리고 있습니다.그때까지 건강해주시고 늙지말아주시고 국민곁에 있어주세요
1,돌멩이잼 이재명당대표님<br>가시발길 같던 힘든 여정을 <br>잘견디고 온것 같습니다  <br>얼마 안남은것 같아요 <br>이재명님의 대동세상 억강부약<br>으로 반드시 이루어 내십시오👍👍💙
1,아직도 가슴이 뭉클하다.<br>현실은 하루하루가 잠이 오지않을정도로 치가 떨린다.<br>기다리면 좋은세상이 올것을 믿습니다
1,다시봐도 너무슬프네요.. 다시는 손놓지않고 끝까지 함께합시다
1,하늘이 🇰🇷대한민국에 분명 이잼을 더 크게 쓰시려고 시련을 주셨나 봅니다!
1,대한민국의 희망! <br>경제 대통령 이ㆍ재ㆍ명 뿐이다
1,다시 이런 모습을 보고 싶습니다. <br>지금 가시는 길이 힘들지라도  끝까지 지지하고함께 하겠습니다. ..
1,이재명님의 상대원 유세 넘!눈물 났어요 ㅜ <br>윤석열이가 당선 될 줄이야 <br>2찍들이 원망 스럽다
1,간발의 차로 수렁에 빠진 대한민국..
1,설렘의 마지막유세였는데............끝까지 가시죠 뚜벅뚜벅!
1,"대한민국 기득권들아. 잘봐라.<br>니들이 노무현을 죽여? 노회찬을 죽여?<br>박원순을 죽여?<br>계속 죽여봐라.<br>새로운 용사가 계속 나올거야.<br>너네들, 문재인과 이재명도 죽여버리고 싶지?<br>안돼 안돼. <br>지금도 김대중 노무현 문재인 이재명의 영향을 받은 수많은 용사들이 있어.<br>너흰 이들을 다 죽이지 못하면 절대 게임 안 끝나.<br>백날 서울 시내 호텔 레스토랑과 커피숖, 미슐랭 파인 다이닝에 모여 작전회의들 열심히 해보라구.<br>니들은 절대로 몰락하게 돼있어.<br>시간이 좀 걸릴뿐이야."
1,하늘은 노무현을 데려간 대신 우리에게 이재명을 주었다
1,저도 재외국민입니다  !<br>저도 강력한 이재명 지지자입니다 .<br>지금 다시봐도 또봐도 눈물이나고 감동이 용광로처럼 솟구쳐 오릅니다.<br>이재명 당대표님이 <br>대선후보자로 뛰어다니신 그 시간이 지자자들의 가장 행복한 시간이었습니다.<br>현실이 아프고 힘들지만 지금도 저희들은 행복합니다. <br>이재명 대표님이 계셔서요.
1,"아직도 이재명대표님이  대통령이되는 그날을 손꼽아기다리고 있어요.힘내서  앞으로 나아가주세요,"
1,저는 이재명님이 좋아요
1,응원합니다~  힘내세요  꼭!!<br>절실합니다 힘내세요<br>그리고 존경합니다
1,기득권과 타협하지 않고 서민의 눈물을 닦아주실 분 오직 이재명 뿐입니다
1,내 댓글이 올라가 질라나<br>댓글이 8천개여-<br>ㅎㅎㅎ
1,다시봐도 눈물나고 아쉽고~~😭😭😭
1,이재명대표님 영상만 보면 눈물 남과 동시에<br>감동이 몰려옵니다.
1,이잼 응원합니다.<br>항상 건강하시길 바랍니다.
1,분명 이번 대선은 잘못되었다. 국민들은 분명 이재명만 을 원했었다 팩트임.
1,힘내세요🌱 잡초처럼<br>진심 통하는 세상 반드시 <br>세우실것이고 해낼시겁니다<br>믿습니다  이재명은 합니다
1,대통령님...！！
1,상대원시장 장면 눈물 납니다.<br>기득권 깨고 우리가 이깁니다....<br>정말 멋지십니다.<br>이대표님 혼자서는 힘드세요.<br>국민이 같이 해야 합니다.<br>촛불이 필요해요.
1,눈물납니다ㅜㅜ<br>대통령은 이재명
1,어용언론이  1순위 문제다 <br>공정한 보도없는  국민 갈라치기<br>선봉장  공중파 끊고 유툽봅니다
1,반드시  적페청산 🍀<br>억강부약 대동세상🌱
1,해낼수 있습니다<br>강인하신분  잡초처럼<br>밟혀도  기죽지 마세요👍💙
1,"가짜에는 속을 수 있습니다. 하지만, 진짜에는 속을 수가 없습니다. 우리가 이깁니다. 국민이 이깁니다, 여러분!!"
1,눈물난다ㅡㅡㅡㅡ<br>검찰공화국 반드시 국민이 심판합니다
1,대선에서 0.7% 차이의 아픔을 딛고 77.77%의 당대표로 돌아왔습니다.
1,서민을위한 정치를하는 정치인주변은 시끄러울수밖에 없습니다.기득권세력들이 가만히 놔둘리 없으니까요.힘든일을겪어본자가  그아픔을 보듬어줄줄도 압니다.노력하면서 또 기다리는수밖에 없습니다.아! 진짜!! 왜2찍을 한거야 인간들이!
1,저는 아직도 이 현실이 받아들여지지 않고 악몽을 꾸는듯 합니다<br>혹시나가 역시나 된 이 무능하고 잔인한 저질 정부. 반드시 댓가를 치루게 될것입니다<br>이재명 뒤엔 절반 이상의 국민이 있습니다. 힘내십시요 응원합니다
1,이후보님<br>몸조심<br>하십시요<br>노리는 인간들이<br>너무많아서<br>걱정입니다<br>항상주변살피시고<br>보디가드옆에<br>두고다니십시요
1,"마음이 아프지만 <br>다시,  다시,다시!"
1,이때는  당연히  될줄알았다  이렇게 비상식적인  사람이  있을줄몰랐다
1,이때는  당연히  될줄알았다  이렇게 비상식적인  사람이  있을줄몰랐다
1,이때는  당연히  될줄알았다  이렇게 비상식적인  사람이  있을줄몰랐다
1,👍함께 사는 세상 <br>새로운 대한민국 이재명 합니다 <br>억강부약 대동세상 대한민국 화이팅 🇰🇷 👍 🙏
1,눈물 납니다  나의 대통령 내마음속에 대통령 이재명 당대표님 응원합니다
1,이런분이<br>대통령안된게<br>대한민국불행이다
1,국민이 이기는 날이 반드시 옵니다.<br>이재명 대통령<br>존경합니다.<br>사랑합니다.
1,또 눈물 나려고하네. 이런분이 대통령이 안되고 깜도 안되는 인간이 그자리에 있다니 짜증나서~ 우리 대통령님이 여기 계십니다. 나의 대통령님 사랑하고 존경합니다.♡♡♡♡♡♡♡
1,저희 국민이 지켜드릴께요!<br>이재명당대표님 힘내세요💙💙💙💙💙💙
1,국민의 소리는 가장 낮은 자세로 들어야 들을수 있습니다.<br>지난 시간은 돌이킬수없지만 새로운 꿈을 그리고 이루어 가실수 있습니다.<br>흰꽃이 멍이들어도 흰꽃은 흰꽃입니다.<br>반드시 말씀하신바 이루길 기원드림니다.<br>이제 다시 비상하소서
1,나의대통령 우리의대통령 👍
1,저는 웹튠 자서전을 읽고 모든것을 미루어 알수있었습니다 우리시대의 가난은 어린아이를 공장으로 내몰고 그 지독한 불공정과 상식 이하의 대접을 받으며 그렇게 긴 노동시간을 견디며  어려움을 참고 그렇게 살아온 삶을 기억합니다참누구보다 바르게 진실되게 살아오셨을 것이라고 생각합니다 이재명 의원님을 몰랐을때는 모르고 지났지만 이제는 이재명 의원님을 알았고 당신의 진실함에 가슴이 벅찹니다 우리 가 진실과 정의를 사랑한다면 또 인생들을 위해 목숨주신 예수님을 생각한다면 어찌 악과 타협할수 있으리요 끝까지 응원하겠습니다 존경합니다
1,눈물을 훔치며...
1,제대로 된 대한민국 만들어야 합니다.<br>이재명 형님이 대통령이 되어야 했는데...<br>엉뚱한 작자가 권력을 가진후 2달만에 대한민국이 휘청거립니다.<br>하루속히 제자리로 돌아 오셔야 합니다.
1,지들이 편갈라놓고. 통합 ㅋㅋㅋㅋㅋㅋㅋㅋㅋㅋㅋ
1,음...
1,고생이 너무 많았어요ㅜ
1,"광화문 명연설 다시 봐도 눈물 납니다. 5년뒤 이재명이 꿈꿨던, 저와 우리 아이들을 위해 대동세상 꼭 이루어 주세요.  언제나 동행하며 평생 지지합니다."
1,"나는 진성 우파입니다..<br>지금도 우파 지향이니다.<br>그러나 이재명이라는 사람을 지켜보면서 나의 마음이 크게 격동했습니다.<br>이 사람이 지휘하는 오케스트라의 우리나라를 생각하게 되었습니다.<br>나는 진성 우파로서 민주당의 어이없는 헛발질로 인 한 그가 도전한 대권에 그가 도매금으로 매도될 상황이 예측되어서 걱정이 되었는데 결국엔 나타난 결과가 결과가 많이 실망스러웠습니다.<br><br>그래도 꺾임 없이 진솔한 마음으로 모든 여건에서 최선을 다하고 국회에 나아가는 모습이 참으로 가슴 찡하합니다.<br>진심으로, 가슴으로 민정을 하면서 통계로 민정을 하는, 또 앞으로 고난을 극복할 이재명 의원에게 온몸으로 또 진심과 전심으로 응원합니다.<br><br>내가 이재명의원보다 나이가 많습니다<br>그래서 이해하리라 생각하며.<br><br>한번 해 봅니다.<br><br>재명아! 니가 해라!<br><br>이글이 우리 사랑하는 &quot;명&quot;의원에게 전달되서 작으나마<br>응원하는 글이 되었으면 합니다."
1,부모님돌아가실때도 이렇게 울지 않았는데  몇달 몇일 이토록 가슴아프고  눈물이 날줄은 몰랐읍니다  .60평생 처음 이재명  사랑하고 존경합니다
1,다시봐도  명연설  감동 입니다  끝까지  지지합니다 눈물납니다
1,잼이 우는모습 보고싶지 않아요 ㅜㅜ<br>항상웃는일만 생겼으면좋겠어요<br>나의대통령...  사랑합니다 ....
1,사랑합니다!! 나의 대통령님!!💙💙💙💙💙💙💙💙💙
1,💙💙💙💙💙 이재명~~~~💙💙💙💙💙 이재명~~~~💙💙💙💙💙 이재명~~~~💙💙💙💙💙
1,우리의미음에 대통령  대통령이 되는 그날 까지 함께 하겠읍니다
1,준우승 축하드립니다 화이팅 ^_^p
1,재명아 이제 감옥 가자 그만하고.. 금벳지 단다고 해서 너의 죄를 가릴 순 없다..
1,힘차게 달 려 라<br>기호1번 이재명<br>천번  만번국민위해서
1,꼭 대통령이 되셔야 하는분입니다. 지켜드리겠습니다!
1,이재명은 아무리봐도 소시오패스 같다~ㅋㅋ 제대로 된 민주주의를 내세워서 깡패 동원해서 대장동 원주민들 내쫓았니?
1,이제는 인천으로 찢으로 간것인가?
1,존경합니다.ㅠㅠ 이재명 꼭 다음의 대통령되셔야합니다.
1,이재명 울지마요 이재명  너무만은국민이  지지 합니다
1,꼭 다음엔 &#39;이재명의 수감생활&#39;도 찍어주시기 바랍니다.
1,언제나 열렬히 응원합니다!!!🙌👍
1,ㅜㅜ   눈물납니다  감사합니다
1,이재명이 만든 성남시 부러워만하다 경기도지사하시고 이끌어주신 경기도 살기좋은도시 살고싶은도시로 만들어주신!!!그 믿음으로 지지합니다!!!
1,이재명 꼭 대통령이 되어주세요!
1,계양좋겟어오ㅡ.부럽다
1,지지합니다
1,감정팔이 선동하난 탑클래스 인정
1,이재명대통령존경합니다
1,간절히 지지합니디ㅣ<br>담대선때 뽄때를 보여주세요
1,쇼는 잘해요
1,후보님은 좋은분입니다<br>귀한분을 이제 알게되서 너무 다행입니다
1,나와주셔서 감사합니다~ 모두 다시 힘내요~!!!
1,같이 함께 힘냅시다
1,계양 당선<br>축하드려욤^^
1,이 재명   티비 이제알았네요<br>구독<br><br>잼마을 주민<br>화이팅
1,고생하셨습니다
1,조국처럼 김대중처럼 고난을 피하지말고 앞으로 앞으로.... 지구는 둥그니까 언젠간 크게 쓰시기위해..... 민주당을 이간질 분열시키는자들에 속지말아야 튼틀에서 함께해야 서로이익
1,문재인은 빼주시죠. 지옥같은 나라로 만들었습니다.
1,적당히들 하십시다 ㅋㅋ
1,이제 다시 시작한다는  소식이  정말 가슴 벅찹니다  지금 저들이 하고 있는 나라와 국민을  생각하지않고  나라돈을 물쓰듯  쓰고잇습니다  지금 치킨값2천원에 모든 물가가 올라 서민들은  허리띠를 졸라매고 치킨 한마리에 먹을까말까를  고민하는데  꼭 다시 등판하셔서  다시 한번 모두의 중심이되어주어 이번  선거에 승리로 이끌어 주시길 기원 합니다
1,오늘 &#39;새날&#39;에 갔다가 이재명티비가 있다는 걸 알고 구독신청 했습니다
1,볼수록 넘 슬프네요. 어떻게 윤석열 같은 사람에게 나라를 맡기는 투표를 할 수 있는지. 시간을 다시 돌릴 수만 있다면~~ 대한민국의 미래가 넘 걱정됩니다
1,이재명 이름 석자만 들어도 가슴이 먹먹합니다
1,또 봐도 눈물나네.  사랑하고 존경합니다
1,미리 계양을 당선 추카드립니다🐾💙🙏
1,거짓이 진실을 이길수 없다 ㅋㅋㅋㅋㅋㅋㅋㅋㅋㅋㅋㅋㅋㅋㅋㅋㅋㅋㅋㅋㅋ
1,이번에 국회로 가서 8월에 당대표가 되시고 반드시 민주당을 개혁해야 합니다!!!! 민주당 개혁못하면 다음 대선 또 질겁니다. 반드시 반드시 개혁해주십시요. 지금의 민주당은 민주당이 아닙니다.
1,다시보아도  보아도  가슴이 벅차고 눈물이납니다  5년뒤 너무 길게느껴집니다  언제나곁에서 응원하며 지지합니다<br>앞으로나아가는길이 가시밭길과 음해하는 세력으로가득찰것이지만 하지만 언제나 뒤에서 밀어주는 국민이있음을 잊지마시고 <br>소신껏 국민을위한정치 해주실거라 믿습니다
1,공천 축하드려요^^티브이 보기도 싫었는데... 응원합니다^^
1,이 사람이 됐어야 했다
1,대통령 중임제 통과시켜서<br>다음번에 두번하세요<br>건강관리 잘하셔야겠죠~♡♡♡
1,후보님<br>너무 나슬픈 석패였읍니다<br>일어나 다시 뛰시기를 바랍니다<br>♡어젠다를 리드하세요~끌려다니지말고<br>♡김영삼대통령처럼~산악회를 하시며 이슈를 만드시는것은 어떨까요?<br>♡2028년 시한인 7광구를 일본과싸워<br>대한민국을 산유국으로 만들어주세요<br>♡정책으로 대안을 제시하며 윤석렬과 싸워주세요
1,이재명 화이팅.
1,이재명을 계양하라
1,그만  주무시고  빨리나오세요
1,다시는오지 안을 것으로  지금은 욕심지 대한민국 국민을 멍청하게 만들어서  이것으로서 민주당은  다시는 집권을 하기는 힘들것같다고 봅니다
1,국민을위한.국민을위해.국민의대통령.<br>이재명님.존경합니다.서민을지켜주세요!!
1,존경하는저에대통령 이재명~ 존경하고사랑 함니다 민주당국회의원놈들이똥치울때까지절대움직이지마세요
1,제생각에 지금은 이재명이 2년남은 과반수 민주당에 입성할때라고봅니다.<br><br>그리하여 부정비리재산 몰수법 부터 한가지씩. <br><br>국민들을위한 개혁법안을 통과시켜 밀어부치는겁니다.<br><br>물론 윤석열대통령이 거부권을 행사하겠죠.상관없습니다.<br><br>국힘당이 반대하고 윤석열이반대해도 그냥 밀어부치고 뉴스거리가되고 이슈가되면 그보다더 좋은 선거운동은 없습니다.<br><br>인천계양에 출마하십시요.법에 어긋나지않습니다. 당원들과 지지자들이 애타게 원하고있습니다.
1,어렵고 힘들때 앞장서 주시겠다하셨잖아요?<br>지금 우리는 당신이 필요합니다.<br>보고싶어요❤❤❤
1,대통령 후를 기약하시고 제주도 도지사는 어떠시가요?
1,힘드시겠지만..<br>다시나서주세요<br>이렇게그냥두지마시고..<br>제발..
1,나의 이재명 대통령님 <br>언능우리곁에 나오세요<br>보고싶어요 <br>들어와영상보고 눈물흘리면서 <br>이새벽에 댓글남기고갑니다
1,무사하시길..
1,아... 눈물나요.. 이재명의 간절한 진심을 너무 늦게 알았습니다. 더 밭을 갈았어야 하는데 죄송합니다 미안합니다. 21대 대통령으로 반드시 모시겠습니다. 건강하시고 아프지 마시고 다치지 마시고 부디 건강하게만 저희 곁으로 돌아와 주세요
1,조까는소리네
1,"정치인을,,,,,이렇게 사랑하게 될 줄이야<br>존경하고 그립고 사랑합니다"
1,얼굴을 보여주세요~보고싶습니다
1,성제준 명예훼손 가만 둘겁니까?
1,이재명좋아
1,정신건강복지법의 테러방지법이란 이름으로 우울증이 있는 사람에게.아주 교묘하게 당하는 입장에선 모르고 당하는. 화학약품을 쓴다는 사실을 아시나요?
1,다음에도 꼭 나와주실거죠?ㅠㅠ 기다리겠습니다ㅠㅠ<br>제발 꼭 나와주세요 응원합니다
1,다시 국민들을 위해 나와주십시오
1,재명아 잘가고^^
1,너무 보고싶어요ㅠㅠㅠ♡♡
1,고생하셨어요 화이팅 사랑합니다 💜 이재명
1,너무 아쉽습니다<br>그러나 포기치 말아주시길 부탁드립니다
1,이재명님의 굳은 의지의 냉철함을 더이상 오해하지 않기를 바랍니다🥲 그 오해들이 풀려서 이재명님의 진정성에 많은분들이 공감하는 그날까지🙏🙏🙏 이재명 대통령님 이라고 꼭 불러보고 싶습니다 😍
1,위대한 지도자로  다시 국민앞으로 다시 오세요 .기다리겠습니다.우리 자식을 위해 .....국민이 바라보는 곳과  당신이 바라보는 곳은  같습니다.
1,👍👍👍이재명 당대표 👍👍👍이재명 대통령 👍👍👍이재명 대통령 👍👍👍이재명 대통령 👍👍👍이재명 대통령 👍👍👍이재명 대통령 👍👍👍이재명 대통령 👍👍👍이재명 대통령 👍👍👍이재명 대통령 👍👍👍이재명 대통령<br>전국에 있는 국민들이 서민들이 다 원하는 겁니다
1,이재명 후보님  그립습니다
1,"눈물나,,,, ㅠㅠㅠㅠ 보고싶어요ㅠㅜㅜㅜ"
1,다시봐도 눈물나는 현장ㅠㅜㅜㅜㅠ 이잼 기다리고 있어요😭😭😭
1,이재명 화이팅! 나의 대통령🥰
1,좀 주무세요!!~이번에 대통령 되셨어도 본인이 할수 있는 일이 별로 없어요~국제 정세가~비참한 대통령을 만들 겁니다!!
1,재명아 너라도 우리나라떠나라<br>그게 전통적 한국인의 마지막 희망이다
1,이영상 다시봐도 눈물나네요.<br>이재명 후보님  잊지않고 있습니다.
1,이재명대통령 존경합니다 사랑합니다
1,보고싶습니다 이장님 언제등판사실꺼예요?!!!
1,대선끝나고도 한달도 더 지나 이제야 봅니다ㅠ 클릭을 못하겠더라구요..<br>한동안 티비도 안보고 유튜브도 안봤지만.. 이제야 조금씩 뭔가 해보려노력하고있습니다. 이재명고문님도 다시 시작하는 새로운시대의 리더가되길 응원하겠습니다!!
1,감옥가자 재명아~~^^감옥가자 재명아~~^^감옥가자 재명아~~^^감옥가자 재명아~~^^감옥가자 재명아~~^^감옥가자 재명아~~^^감옥가자 재명아~~^^감옥가자 재명아~~^^감옥가자 재명아~~^^감옥가자 재명아~~^^감옥가자 재명아~~^^감옥가자 재명아~~^^감옥가자 재명아~~^^감옥가자 재명아~~^^감옥가자 재명아~~^^감옥가자 재명아~~^^감옥가자 재명아~~^^감옥가자 재명아~~^^감옥가자 재명아~~^^감옥가자 재명아~~^^감옥가자 재명아~~^^감옥가자 재명아~~^^감옥가자 재명아~~^^감옥가자 재명아~~^^
1,네 대한민국은 윤 대통령 님 한테 맡기세요 감옥 갈 짐 잘 싸세요~! 거기도 살만 할겁니다. 전과 사범님!
1,보고싶습니다 사랑합니다
1,민주당  똑바로 일안하면 죽입시다<br>좋은말로 응원만 할게아니라 절박하게  일할수있도록 협박?도 할필요가 있습니다
1,이재명TV 좋아요 이재명 후보님은 진심으로 시민으로 대하는 말씀과 행동에 감명 받는다 더이상 의 후보는 아직은 없다 시.도지사로 검증되고 말과행동으로 정치한다 누가 흉내라도 낼수있을까?
1,보고싶습니다
1,진짜 마지막이 되버렸네
1,"이재명 전 후보님 힘내시고,반드시 보세요.<br>힘드시죠?<br>저희도 힘듦니다.<br>상상 초월하게.<br>뉴스를 보지 않습니다.<br>윤석열이란 나쁜, 국악한 사람이 대통령이란것이 원통합니다.<br>김건희 최은순이란 아주 나쁜이간들이 과거에도그랬고 또 앞으로도 지들 이권챙기러들것이란것이 대한민국의 앞날를 암울하게 합니다.<br>그러므로 이번기회에 반드시 검찰 수사 기소권 분리시키셔야  합니다.<br>그것이 우선 마지막 소임인듯 합니다."
1,ㅜ 이해불가한 골수단체
1,목에욕심이꽉차잇느련놈들이만든윤팔푼이정권입니다집갑땅갑투기조작일어나길기다하는국민이썩어년놈들이우리나라현실입니다 나토한윤팔이된다면나라기그것박에안된다학ㆍ말햇다현실아다아참담하다나라수준이다받아들이자후손에게부끄럽다후손에게당당하고십엇는데
1,끝까지 갑시다<br>응원합니다
1,수고 많으셨습니다!!<br>앞으로 힘내시길!!
1,"언제나 응원합니다 사랑하는 이재명님 ,, 제 마음속의 대통령 ,, 이름만 들어도 아련해지는 그런 기분 ,, 모두들 알 것 입니다. 이재명 국민 ,, 감사하고 사랑합니다 화이팅 다시 보는 그날까지 기다리겠습니다"
1,다시 찾아보게 되었네요ㅜㅜ<br>또 다시 눈물이나고 속상하네요<br>하지만 포기하지 않습니다~기다릴께요^^♡
1,유능한 행정가에다 인간미가<br>넘치는 이재명후보 열일 하시는 모습 보고 싶습니다.
1,보고싶어유세들어와봅니다건강챙기시고<br>가족들과편안하게쉬세요좋은때가옵니다<br>건강신경쓰십시요
1,이재명<br>나의대통령님보고십
1,짠하네
1,울컥하네 !! 취임인사 듣고 싶었는데 대한민국 또라이들이 많다는걸 확실히 알았다 !! 대한민국은 아직 선진국이 아니다
1,아껴뒀다 보려고 안보려다 봅니다. 대선 후보가 된시점부터 마지막 유세 3.8 23시까지 함께 했습니다. 거의 모든 선거유세를 실시간 또는 막 업로드된 영상으로 보았습니다. 아직도 식지 않은 응원의 열정을 잘 보관하고 마음쓰리지만 다음을 위해 더욱 더 빛나는 순간을 위해 나자신을 성장시켜서 다시 만나고 싶습니다. 아직 우리는 희망이 있습니다. 5년 견딜수있습니다.
1,남의 일을 제일처럼 진심으로 생각하시는 우리의 대통령이십니다???
1,음주운전하는 대선후보나 그걸 뽑아주는 유권자나
1,동탄 아파트  앞   오셨을때<br>감동이였습니다.
1,하 아직도 0.7프로 말이냐?<br>당선인이 양도세도 모르는 사람이다 이걸 찍어준 사람은 수준이 뭐냐? 휴그리고 쥴리는 뭐고 아휴 진짜 답답해서 글쓴다 ㅠ
1,홍준표: 쇼는 참 잘해요~
1,"그립습니다.,,"
1,얼굴 시체 같이 변했던데.. ㅎㅎ
1,정의가 이기는 그날까지 응원합니다
1,눈물난다 ㅠㅠ
1,이재명전지사님이 이번 지방선거에 서울시장 출마하셔야 합니다.그리고 다음 대선으로....
1,이재명 고문님 힘내세요
1,아 잼밍 보고싶다ㅜㅜ
1,영상 하나 하나 볼때마다 뭉클 하잔아ㅠ
1,보고싶습니다.<br>하지만 참겠습니다^^<br>돌아오실때 격하게 환영해 드리겠습니다💙
1,이제 출근하십시다요~~~
1,이진심이  꼭  전해지고 그리하여 빛을 볼것임다!
1,하여간 좌파들은 눈물팔이 감성팔이 심하다니깐 ㅋㅋ
1,그립습니다. 요즘  더더욱 우리 어떡하지 막막하고 절망스럽습니다. 하루 빨리 우리 곁으로 돌아와주세요.. 보고 싶습니다.
1,이재명이 대통령인 세상 꼭 거기서 살고싶어요!!!
1,힘내세요 우리국민들있습니다
1,ㅋㅋㅋㅋ감방이나가라
1,난 최대한 빨리 감빵 들어가시는거 기도해요 화이팅
1,정말 큰일날뻔했잖아
1,멈춘것 같다<br>그치만 더  많은것을 다시 세우시고<br>나오실것이다 <br>십년전의 촛불이 아닙니다<br>힘내시고 용기내셔서  다시  불빛속으로 오십시요<br>기다립니다  언제까지나
1,긴 글 쓰다가 지우고 인사 합니다.<br>마니 답답합니다..<br>그래도 기다립니다.<br>혹시 내가 기다리는 그 시간이 안오면<br>내 아들 딸들이 반기겠지요~~<br>암요~~<br>아직 63이니 재명이  기다려도  늦지 않겠지요?<br>-1975~  여수경찰서앞 도서관 부근 떵텅   알바생
1,지금 보는데도 눈물나요 이재명 착하고 진실한 사람!<br>당신이 있어 우리가 있어요
1,그래도 저는 마음속에 오직 이재명 입니다 ㅠㅠ
1,짠하다
1,가슴이 울컥...<br>훗날 우리의 대통령입니다<br>후보님 사랑합니다♡
1,"[ 김해시장은 공윤권입니다 ]<br><br><br>민주당 가치에 부합하는 김해시장이 필요합니다. <br><br>노무현 정신을 제대로 실현할 사람, <br><br>민주당을 위해 10년이상 헌신한 사람 바로 공윤권입니다.<br><br>2022년 이재명후보 경남직능본부장<br><br>2017년 문재인후보 경남정책본부장<br><br>증권사 경력 15년의 경제전문가<br><br>공윤권이 민주당 가치에 부합하는 김해시를 만들겠습니다.<br><br><br>공윤권 (전)대통령직속 국가균형발전위원회 평가자문위원 올림<br><br>​<br><br>​<br><br>공윤권 예비후보의 SNS 친구가 되어 주시면 더 많은 정보를 볼 수 있습니다. 감사합니다.^^<br><br>​<br><br>​​밴드 : <a href=""https://band.us/@kongyunkwon"">https://band.us/@kongyunkwon</a><br><br>페이스북 : <a href=""https://www.facebook.com/kongyunkwon"">https://www.facebook.com/kongyunkwon</a><br><br>​<br><br><a href=""http://www.youtube.com/results?search_query=%23%EA%B3%B5%EC%9C%A4%EA%B6%8C"">#공​윤권</a> <a href=""http://www.youtube.com/results?search_query=%23%EA%B3%B5%EC%9C%A4%EA%B6%8C_%EA%B9%80%ED%95%B4%EC%8B%9C%EC%9E%A5"">#공윤권_김해시장</a> <a href=""http://www.youtube.com/results?search_query=%23%EA%B3%B5%EC%9C%A4%EA%B6%8C%EC%98%88%EB%B9%84%ED%9B%84%EB%B3%B4"">#공윤권예비후보</a> <a href=""http://www.youtube.com/results?search_query=%23%EB%8D%94%EB%B6%88%EC%96%B4%EB%AF%BC%EC%A3%BC%EB%8B%B9"">#더불어민주당</a> <a href=""http://www.youtube.com/results?search_query=%23%EC%9D%B4%EC%9E%AC%EB%AA%85"">#이재명</a> <a href=""http://www.youtube.com/results?search_query=%23%EB%85%B8%EB%AC%B4%ED%98%84%EC%9E%AC%EB%8B%A8"">#노무현재단</a> <a href=""http://www.youtube.com/results?search_query=%23%EB%B3%80%ED%99%94"">#변화</a> <a href=""http://www.youtube.com/results?search_query=%23%EA%B9%80%ED%95%B4%EC%8B%9C%EC%9E%A5%ED%9B%84%EB%B3%B4"">#김해시장후보</a> <a href=""http://www.youtube.com/results?search_query=%23%EA%B9%80%ED%95%B4%EC%8B%9C%EC%9E%A5"">#김해시장</a> <a href=""http://www.youtube.com/results?search_query=%23%EA%B9%80%ED%95%B4%EC%8B%9C"">#김해시</a> <a href=""http://www.youtube.com/results?search_query=%23%EC%A0%95%EC%B1%85"">#정책</a> <a href=""http://www.youtube.com/results?search_query=%23%EA%B3%B5%EC%95%BD"">#공약</a> <a href=""http://www.youtube.com/results?search_query=%236%EC%9B%94_%EC%A7%80%EB%B0%A9%EC%84%A0%EA%B1%B0"">#6월_지방선거</a> <a href=""http://www.youtube.com/results?search_query=%23%EC%A7%80%EB%B0%A9%EC%84%A0%EA%B1%B0"">#지방선거</a> <a href=""http://www.youtube.com/results?search_query=%23%EC%84%A0%EA%B1%B0"">#선거</a> <a href=""http://www.youtube.com/results?search_query=%23%ED%88%AC%ED%91%9C"">#투표</a> <a href=""http://www.youtube.com/results?search_query=%23%EC%A6%9D%EA%B6%8C%ED%9A%8C%EC%82%AC15%EB%85%84"">#증권회사15년</a> <a href=""http://www.youtube.com/results?search_query=%23%EC%A6%9D%EA%B6%8C%ED%9A%8C%EC%82%AC"">#증권회사</a> <a href=""http://www.youtube.com/results?search_query=%23%EC%A3%BC%EC%8B%9D"">#주식</a> <a href=""http://www.youtube.com/results?search_query=%23%EC%A3%BC%EC%8B%9D%ED%88%AC%EC%9E%90"">#주식투자</a> <a href=""http://www.youtube.com/results?search_query=%23%EA%B2%BD%EC%A0%9C%EC%A0%84%EB%AC%B8%EA%B0%80"">#경제전문가</a> <a href=""http://www.youtube.com/results?search_query=%23%EA%B2%BD%EC%A0%9C"">#경제</a> ​​​<br><br>​​<br><br>​"
1,5년 기다리겠습니다 돌아 오세요 꼭 제가 처음 지지한 분이고 끝까지 지지함니다
1,제발 이재명님도 정신 챙기시길 바란다.  할당제란. 타인의 기회를 빼앗는 것이다.  <br>여성을 위해 남성의 능력과 실력을 배제하는 것이 여성할당제라는 것으로. 성차별 제도임에는 분명하다.<br><br>남녀. 그리고 제3의 성평등은 무엇인가?  일을 잘하고 열심히 해야 하는 그 누군가가 인정을 받아야 하는 것이지.  여성이기 때문에. 그 자리를 빼앗으면 안되는 것이다.<br><br>그러면 장애인 할당제는 무엇인가? 그것은 장애인은 남자만 해당하는 것도 아니고. 여자만 해당하는 것도 아닌 성차별적인 부분은 아니란 것이다.  물론 장애인 할당제 역시. 장애인에게 직업을 선물하는 것으로 이것 역시 평등에는 위배된다.<br><br>그러나 장애인 할당제는 약자에 대한 배려이다.  나라는 약자에 대한 배려를 해야할 의무가 있고. 그것을 복지라고 한다.<br><br>다시 말하지만. 여성할당제는 복지가 아닌 불평등일 뿐.  과거 여성의 사회 진출을 부정하며.  여성의 사회적 지위가 인정이 되지 못하던 그런 시절이 아니란 것이다.<br> <br>2000년 이후. 사회적으로 남녀는 평등해졌다. 22년이 흐른 지금. 이재명씨를 비롯한 심상정씨 같은 사람들이 뭔가. 이상한 개념을 가지고 있는데......<br><br>내 아들이 현재 11살.  이놈이 앞으로 경쟁해야 할 사람은 남성만 경쟁을 해야 하는 것이 아니라. 남녀 모두와 경쟁을 하게 될 것이다.  내 아들이 죄인인가?<br> 20대가 되면? 군대도 가야 하고. 2년 동안. 아들놈도 고생하겠지만.  그 2년 동안 아들놈이 집안에 전혀 도움이 안되는 것은 누구 탓인가?<br>사내를 낳은 죄인가?  내가 죄인인가? <br><br>여성할당제라는 이상한..... 그런 생각은 고쳐 잡아주시길 바랍니다.
1,이재명은 포기하지 않는 사람이고.  이재명이 대통령에 출마한 것은<br>대통령이 될때까지 나올 사람이기에<br><br>이재명은 대통령이 반드시 될 수 밖에 없는 사람이다.<br>내가 이재명을 지지하는 이유는 자신이 한 말은 반드시 실천하기 때문이고.  그 실천을 위해. 끝까지 노력을 하는 사람이기 때문이다<br><br>전투 노무현?<br>나는 독종 이재명이라고 별명을 붙이고 싶다.  <br>억강부약의 가치관을 가진 행정가를 그 글의 뜻을 알고 나서. 지지하지 않을 수 없었다....<br><br>다만. 2022년 현재. 대한민국에서.사회적으로 여성은 더이상 약자가 아니다. <br>왜 이재명은 여성을 약자로 인식하는가?  <br>물리적인 힘은 영원히 여성은 남성을 이길 수 없다.  <br><br>그것은 하나님이 만든 것이다.  <br>사람은 사람과의 관계를 만드는 것이다.  과거 여성이 사회적으로 힘이 없었고. 그로인해. 불이익을 받는 사회였다.  <br>그러나 2022년도에 과연 여성이 사회적 약자인가? 사회적으로 불이익을 받는 집단인가?<br><br>여성할당제?  능력이 없고. 현재의검증 시스템을 여성에게 유리하도록 하여서 임의로 여성과 남성의 비율을 맞추는 그런 이해 불가능한 제도는 사라져야 한다.<br><br>어려서부터 시험을 치른다.  대입 시험에도 여성할당제를 적용할 것인가?<br>누군가의 기회를 빼앗고 여성이라는 성차별을 하는 제도는 잘못된 것이다.  <br><br>대한민국 대통령을 뽑을 때도 역사적 여성할당제를 적용하자고 하면?  능력과 지지도에 상관없이. 수십년간 대한민국은 여성 대통령만 뽑아야 한다. <br><br>그것이 할당제라는 것이다.
1,이재명후보님이 당선안되니 왜이리 아쉽고 맘이 아픈지?다음 대선때 또 만나요
1,이렇게 간절했던 적이 없었습니다. 투표결과가 너무 충격스럽고 믿을수가 없었습니다. 대통령이 윤석렬이라니 어떻게 받아들일수가 있겠습니까? 저는 지금도 믿을수없고 취임일이 오는것이 두렵습니다.<br>뉴스를 볼수가 없습니다. 너무 열이 받아서 윤석렬 처음부터 하는짓거리가 뭐가 우선인지도 모르고 혈세를 탕진하려하고 나라의 안보도 안중에도 없고 국민들의 불편을 초래하는 황당한 짓거리에 그럼 그렇지 그럴줄 알았다 니가 그럼 그렇지 이소리밖에 안나옵니다. 우리나라 앞날이 그리고 우리의 삶이 너무 걱정됩니다
1,우리의 대통령은 이재명입니다.
1,울지 마십쇼 이재명선생님 2위도 부끄러운 것이 아닙니다.
1,이 불꽃들이 다 어디로 갔나...사라지지 않았을 것이다...다시 밝히자...
1,이재명  존경합니다<br>연설  감동적  끝까지  가자
1,기다리겠습니다.
1,이재명 항상 응원합니다 👍
1,당신을 반드시 대통령 만들겁니다 반드시 반드시 조금만 기다려 주세요.
1,5년되기전에 윤석열 심판할날 있을꺼예요.꼭 다음 대통령이 되어주시길..기다리고 있겠습니다. 그동안 흔들림없이 풍파에 맞서서 다시 만날날까지 국민들도 이겨내고 있을겁니다.
1,요새는 뉴스든 시사든  꼴보기가 싫다구<br>투표안한 ㄴㅁ들 반성해라ㅠ
1,ㅋㅋㅋㅋㅋㅋㅋㅋㅋㅋㅋㅋㅋㅋㅋㅋㅋㅋㅋㅋㅋㅋㅋㅋㅋㅋㅋㅋㅋㅋㅋㅋㅋㅋㅋㅋㅋㅋㅋㅋㅋㅋㅋㅋㅋㅋㅋㅋㅋㅋㅋㅋㅋㅋㅋㅋㅋㅋㅋㅋㅋㅋㅋㅋㅋㅋㅋㅋㅋㅋㅋㅋㅋㅋㅋㅋㅋㅋㅋㅋㅋㅋㅋㅋㅋㅋㅋㅋㅋㅋㅋㅋㅋㅋㅋㅋㅋㅋㅋㅋㅋㅋㅋㅋㅋㅋㅋㅋㅋㅋㅋㅋㅋㅋㅋㅋㅋㅋㅋㅋㅋㅋㅋㅋㅋㅋㅋㅋㅋㅋㅋㅋㅋㅋㅋㅋㅋㅋㅋㅋㅋㅋㅋㅋㅋㅋㅋㅋㅋㅋㅋㅋㅋㅋㅋㅋㅋㅋㅋㅋㅋㅋㅋㅋㅋㅋㅋㅋㅋㅋㅋㅋㅋㅋㅋㅋㅋㅋㅋㅋㅋㅋㅋㅋㅋㅋㅋㅋㅋㅋㅋㅋㅋㅋㅋㅋㅋㅋㅋㅋㅋㅋㅋㅋㅋㅋㅋㅋㅋㅋㅋㅋㅋㅋㅋㅋㅋㅋㅋㅋㅋㅋㅋㅋㅋㅋㅋㅋㅋㅋㅋㅋㅋㅋㅋㅋㅋㅋㅋㅋㅋㅋㅋㅋㅋㅋㅋㅋㅋㅋㅋㅋㅋㅋㅋㅋㅋㅋㅋㅋㅋㅋㅋㅋㅋㅋㅋㅋㅋㅋㅋㅋㅋㅋㅋㅋㅋㅋㅋㅋㅋㅋㅋㅋㅋㅋㅋㅋㅋㅋㅋㅋㅋㅋㅋㅋㅋㅋㅋㅋㅋㅋㅋㅋㅋㅋㅋㅋㅋㅋㅋㅋㅋㅋㅋㅋㅋㅋㅋㅋㅋㅋㅋㅋㅋㅋㅋㅋㅋㅋㅋㅋㅋㅋㅋㅋㅋㅋㅋㅋㅋㅋㅋㅋㅋㅋㅋㅋㅋㅋㅋㅋㅋㅋㅋㅋㅋㅋㅋㅋㅋㅋㅋㅋㅋㅋㅋㅋㅋㅋㅋㅋㅋㅋㅋㅋㅋㅋㅋㅋㅋㅋㅋㅋㅋㅋㅋㅋㅋㅋㅋㅋㅋㅋㅋㅋㅋㅋㅋㅋㅋㅋㅋㅋㅋㅋㅋㅋㅋㅋㅋㅋㅋㅋㅋㅋㅋㅋㅋㅋㅋㅋㅋㅋㅋㅋㅋㅋㅋㅋㅋㅋㅋㅋㅋㅋㅋㅋㅋㅋㅋㅋㅋㅋㅋㅋㅋㅋㅋㅋㅋㅋㅋㅋㅋㅋㅋㅋㅋㅋㅋㅋㅋㅋㅋㅋㅋㅋㅋㅋㅋㅋㅋㅋㅋㅋ
1,이재명 후보님  힘내십시요  너무 멋지십니다 영원히 지지 하겟습니다  사랑합니다
1,아 정말 눈물나요ㅜㅜ  꼭 다음 대통령은 이재명님 이 꼭 되시길 ~~이미 제맘속 대통령이세요~~끝까지  지지할껍니다 끝까지!!!!!
1,이재명님. 당신은 소중한 사람입니다. <br>건강하셔야 합니다. 너무 많이 늙지 마시고 좀 있다 다시 뵙겠습니다..좋은거 챙겨 드시고 체력 관리 잘 해 두십시오. 저도 그러겠습니다^^
1,"여전히 지지예정이오니,<br>빨리 좋은 타이밍에 뵙길 기대합니다😊"
1,이재명 후보님은 나의 대통령입니다.<br>힘내세요!
1,우리가 이겼습니다.진것이 아닙니다<br> 이재명후보님 힘내십시요.
1,허나… 성남 분당.. 다 윤석열… 역시 기득권 혹은 돈 있는 사람은 국민의힘.. 이건 진리.. 이나라를 떠나는게 정말 좋은 선택
1,이 채널 자연스레 저절로 찾아오게 되네요 .   한달.. 생각보다 금방 가네요 . 5년이란 세월도 이렇게 즐기며  기다리겠습니다 ~ ^^ 재충전 만땅으로  ~
1,오년뒤엔 꼭 국민들이 만들어드릴께요.<br>나를 위해서 <br>우리새끼들을 위한<br>이기심만으로도 <br>소박한 마음으로 응원합니다.
1,"이재명고문님 아직 예정이 있어 마지막 헛소리  문재인이 대통령이 된 길 이재명의 길이 아니다,세종,충북지사 선거에 도전 하시고 수도 세종 이전에  길을 가시라"
1,마음속의 20대 대통령 이재명!<br>21대 대통령 이재명!<br>지지합니다!<br>감사합니다~<br>좋아요~~~~~~~~~~~~~~~~~
1,열심히 싸우셨습니다 좋은일들만 있을실겁니다
1,매번 부정선거 조작투표 서민들고 일어나서요 꼭 밝혀야 됍니다  대한민국 제일 심한것은 태양광 탈원전 세개 없애고   태양광 독소가 그렇게 많이 나와서요 4년후에  대한민국 서민들 다 죽는다고 합니다 70대 할머니 오미크론 걸렸는데 휴이증 잇어서요 2억 썻는데요 나라에서 삼천만원 배상 받고요 전국  서민들 후이증 잇어서요 몇천만원 쓰고 잇다고 합니다 저는요 한 10년  태국기 다녀보앗는데요 전국에서 경찰들 쫙  깔렷습니다 길에서 김밥 드시면서 대모를 하는데요 피눈물 낫습니다  해밧자 다 무시하고 정권 진것들 조작하니깐요 할 필요도 없으니깐요 지금 또 윤석열 대모 하고 있는데요 대한민국 전세계서민들 조심 또 조심 건강하게 오래오래 사셔야 합니다 지금 난새니깐  대한민국 영웅이 나올겁니다  구구절절 맛는말씀 진짜 팬입니다 애국자 전세계서민들 하늘만큼 땅만큼 사랑합니다 영원히 유튜브 방송  여러분 진짜 고생을 많이 하시는데요 나라를 위해서요 항상 건강 잘 챙기시고요 힘내세요 좋은정보 많이 보내  주셔서 항상 고맙습니다 호ㅑ팅ㅎ
1,우리의 차기 대통령입니다💙 와 이제 3주 밖에 안 지났어.....🥺
1,이재명 구독 100만 가자~~구독 눌러주세요
1,우리의 천재명   이름만들어 가슴이 아리고 눈물이 나는   우리  모두의 애인 우리의 천재명   정말 보고 싶다
1,"이재명님, 김어준님, 그리고 진보진영의 모든 대안언론인 분들께 제안드립니다. <br><br>먼저 이재명님, 모든 진보진영의 대안언론인 여러분,  이번 선거에서 정말 고생 많으셨습니다. <br>일단 속도감 있게 이야기해 보겠습니다. <br><br>기성언론은 선거 두 달 전부터 윤석열 후보가 높게 평가된 여론조사를 <br>전 국민에게 자주 노출시켰습니다. <br>선거 직전까지 기성언론은 윤석렬 대세론을 만들었습니다.<br>하지만 투개표에서 확인 했듯이<br>두 후보의 지지율은 초박빙이였습니다. <br>윤석열 대세론은 기성언론이 만들어낸 허상이였고<br>그 허상을 선거 직전까지 기성 언론들은 유권자들에게 주입시켰습니다.<br>결국 허상이 진상이 되고 말았습니다.  <br><br>냉정하게 선거의 패배를 선거 공학적으로만 평가한다면<br>패배 이유는 간단합니다. <br>보수는 중도층에게 뉴스를 잘 전달하였고 <br>진보는 중도층에게 뉴스를 잘 전달하지 못했습니다.  <br>결국 중도층에게 뉴스를 잘 전달하는 쪽이 선거에서 이기는 것입니다. <br><br>모두 공감하듯이 진보진영은 기울어진 운동장, 즉 구조적으로 불리한 상황에 놓여 있습니다. <br>보수는 이미 인프라가 갖춰진 기성언론들을 통하여 <br>중도층에게 지금도 하루 종일 뉴스를 전달하고 있습니다.  <br>하지만 진보진영은 대안언론들을 통해 정치 고관여층에게만 뉴스를 전달할 뿐,  <br>중도층에게는 뉴스를 전달하지 못하고 있습니다.  <br>앞으로도 이 같은 구도 속에서 선거를 치른다면 결과는 똑같이 나올 것입니다.  <br><br>이것이 현실입니다. <br><br>이재명과 김어준, 그리고 진보진영의 대안언론인 분들께 제안드립니다.  <br>중도층도 거부감 없이, 쉽게 볼 수 있는 뉴스를 제작해 주십시오. <br>월요일부터 금요일까지 주 5일 동안, 저녁 8시 정각에, 40분 분량의 뉴스를 <br>유튜브에서 실시간으로 진행해 주십시오.<br>지금까지 진보진영이 취하고 있는 좌담식 심층보도가 아닌, <br>기성언론이 취하고 있는 뉴스데스크 형식으로 진행해 주십시오. <br>정제된 언어를 사용하여, 짧고 간결하지만 핵심이 응집되어 있는, <br>40분 짜리 고퀄리티 뉴스채널을 만들어주십시요. <br><br>중도층에게 뉴스를 전달하기 위해서는 <br>기성언론의 뉴스 방식이여야 합니다.<br>중도층은 정치 고관여층이 아닙니다.  <br>그러므로 짧은 시간에 효과적으로 전달하는 방식이여야 합니다. <br> <br>또한 뉴스 진행 중 비속어의 사용이나 자유분방한 진행은  <br>중도층에게 신뢰감을 주지 못합니다.  <br>중도층도 신뢰감을 가지고, 쉽게 볼 수 있는, 주 5회, 저녁 8시, <br>40분 분량의 뉴스채널을 만들어 주십시오 <br><br>이재명님. . . <br>이번 20대 대통령 선거에서<br>중도층에게 <br>이재명 후보의 장점과 단점을 균형 있게 전달하는 언론이 있었다면,<br>또한 중도층에게<br>윤석열 후보의 장점과 단점을 균형 있게 전달하는 언론이 있었다면, <br>중도층은 어떤 선택을 했을까요?<br><br>이재명님은 억울하지 않으신가요?<br>저는 너무너무 억울합니다. <br>이재명님, <br>기성언론들과 견줄수 있는 뉴스채널을 만들 수 있도록 함께 노력해주세요.<br>이재명님이 후보 시절, 국민들에게 이런 부탁을 하셨습니다. <br>국민 한 사람 한 사람이 언론의 역할을 해주시라고. . . .<br>20대 대통령 선거에서 당신을 지지하던 진보진영의 대안언론들과 국민들은 <br>최선을 다했습니다. <br>이제 이재명님께 간곡히 부탁드립니다. <br>이재명님을 지지했던 1600만 국민들이 <br>기성언론들에게 기죽지 않고 언론의 역할을 할 수 있도록 <br>1600만 뉴스채널을 만드는 일에 힘써주시고 <br>1600만 구독운동도 함께 해주세요.<br><br>김어준님에게도 부탁드립니다.  <br>이제 필드에서 조금만 활동하시고  <br>님이 가지고 있는  <br>사람을 존중하는 인품과(이건 좀 아닌가?) <br>시대의 흐름을 읽어내는 통찰력과 <br>예술과 소통할 수 있는 감성으로  <br>뉴스채널을 만들어 지휘해 주시길 부탁드립니다.  <br>후배 기자들도 양성해주세요.<br>그렇게 계속 새벽에 일찍 일어나고 불규칙적인 삶을 살면 <br>간이 스트레스 받습니다.    <br>암튼 더 큰 영향력을 행사해 주시길 부탁드려 봅니다. <br><br>진보진영의 대안언론인 여러분, <br>여러분들의 활동이 없었다면 초박빙의 구도를 만들지 못했을 것입니다. <br>하지만 중도층에게 까지 뉴스가 전달 되려면<br>다 같이 힘을 모아 구독자 1600만명 정도의<br>기성언론을 압도하는 뉴스채널을 만들어야 합니다.<br>뉴스채널이 만들어지면 대안언론들의 실력으로<br>기사도 마음껏 제공해 주시고,<br>함께 홍보해 주시고 구독운동도 부탁드립니다.<br>40분 짜리 짧은 뉴스지만, 이 뉴스를 중심으로<br>진보진영의 대안언론이 더 많은 활동들을 할 수 있을 것입니다. . <br>보수는 기성언론들을 중심으로 일사분란하게 움직입니다. <br>진보진영도 구심점이 반드시 필요합니다. <br><br>20대 대선은 졌지만 <br>희망이 보여야<br>1600만 국민들도 답답한 마음이 사라지지 않겠습니까?<br>이재명님, 김어준님, 진보진영의 대안언론인 여러분,<br>진보진영 국민들에게,<br>진보진영을 대표하는 하루 40분 짜리 뉴스채널 하나 만들어주세요. <br>더 이상 기성언론 주변을 마지못해 기웃거리지 않게 만들어 주세요.<br>언론개혁을 죽어라 외치는 일이, 다시는 없도록 만들어 주세요.<br>편파적인 언론은 더 이상 소비하지 않는다는 것을,  <br>언론을 소비하는 우리가 보여줄 수 있게 만들어 주세요.<br>일주일에 5일, 저녁 8시, 비록 40분 분량의 짧은 시간이지만<br>1600만 진보진영의 국민들에게는 <br>다시 시작할 수 있는 희망이 될 것입니다.<br> <br>진보진영 대안언론들의 취재 실력과 <br>김어준의 시대를 읽는 통찰력,<br>그리고 이재명의 호소력으로 <br>뉴스채널 만들어서<br>국민들이 속 시원할만한 뉴스를 제공해 주세요. <br>국민을 위해 만든 법을, 국민이 누릴 수 있도록 알려주고 <br>국민을 위해 입법 활동을 하는 국회의원을 취재하여 그 내용을 소개하고 <br>국민을 위해 만들어진 법들이 잘 지켜지는지 취재하고 <br>국민을 위해 만들어진 법이 시행되는 곳을 찾아가, 부족한 점은 없는지 취재하고  <br>국민을 위해 여야를 가리지 않고 정치인의 부정부패가 있다면 가감없이 알리고<br>국민을 위해 사회와 기업의 비리가 있다면 눈치 보지 않고 문제 제기할 수 있는 뉴스를<br>이재명, 김어준, 진보진영의 대안언론인들이 함께 힘을 합쳐 제공해주세요.<br>전 국민이 공감할 수 있고 응원할 수 있는 뉴스채널을 만들어 주십시오. <br>그럼 반드시 중도층에게도 뉴스가 전달 됩니다. <br><br>중도층과 더 나아가 보수층에 까지 뉴스만 전달할 수 있다면  <br>선거는 축제처럼 즐길 수 있습니다.  <br>원래 민주주의에서 선거는 축제입니다. <br>유권자들이 선택의 즐거움을 만끽하는 시간입니다. <br>그러나 지금 대한민국의 선거는 <br>유군자들이 누려야 할 선택의 즐거움을 <br>기성언론이 가로채 갔습니다. <br>기성언론이 선택한 대통령 후보자,<br>그 선택을 강요 받으며 선거를 치러야 하는 유권자는 <br>하나도 즐겁지 않습니다. <br>이제 깨어 있는 시민의 조직된 힘으로 선거를 축제로 만들어 봅시다.<br><br>기울어진 운동장은 낮은 곳을 높이면 평평해 집니다. <br>낮은 곳을 높이는 일, 쉽지는 않지만 <br>하면 됩니다. <br>이재명, 김어준, 진보진영의 대안언론인 분들이 힘을 모아<br>기성언론을 능가하는 뉴스채널 하나 만들어 주십시오.<br>하루에 40분 짜리 고퀄리티 뉴스 하나 만들면 <br>기울어진 운동장을 평평하게 만들 수 있습니다. <br>1600만 국민들이 이재명 한 사람을 선택 했듯이<br>뉴스채널 하나 구독 못할 이유 없습니다. <br>깨어 있는 시민의 조직된 힘이 작동 될 것입니다. <br><br>운동장을 평평하게 만들어서 <br>앞으로 다가오는 모든 선거들을 축제처럼 즐겨 봅시다. <br>민주진영은 충분히 그럴 자격이 있습니다.  <br>유능한 대통령 후보를 가지고도 선거에서 진다는 것이 말이 되는 상황입니까?<br><br>이재명, 김어준, 진보진여의 대안언론인 여러분. . <br>먼저 나서 주십시오. <br>당신들을 지지했던 1600만 국민들이 <br>동참하고 도울 것입니다.<br>국민을 믿고 “8시 뉴스” 만들어 주십시오.<br><br>이재명, 김어준, 진보진영의 대안언론인 여러분들의 <br>납득할 만한 답변과 대안이 없으면 <br>매일 올릴 것입니다. 매일. . . .<br><br>글을 다 읽고 공감하시는 분들은 <br>이재명님, 김어준님, 진보진영 대안언론인 분들이 <br>활동하시는 곳에 가셔서(인스타, 페북, 유튜브 등등~)<br>“저녁 8시 뉴스 누가 만듭니까?” 라고 <br>댓글 달기 운동합시다~^^<br>이분들이 만들어 주실 때까지. ."
1,이재명 이재명 이재명 불러도 대답도없고 후보님 사랑합니다 <br>눈물납니다 ㅠㅠㅠ 👍 👍 👍 👍 👍 👍
1,이재명 잼님! 응원합니다!<br>❤❤❤건강하시고 힘내세요💛💛💛
1,내일이 3월9일 이라면 참 좋겠다.<br>5년을 기다려야하다니  조금 막막하다<br>하지만 잘 지켜보고 잘 기다릴것이다<br>늘 건강하십시오♡
1,언제 나오실까요...... 기다리겠습니다.......
1,우리가 이깁니다 국민이 이깁니다 💙  💙
1,얼마나멋진 대통령인지  가슴속에 묻고 갑니다<br>꼭 다시 오길  ..
1,쉬었다지방선거끝나고<br>전면에나오세요.이재명후보님
1,이재명은 구속된다. 왜? 일반당원 이기 때문에. 민주당의 당대표는 구속 할수 없다. 왜? 국민들이 허용하지 않기 때문에.
1,보고싶어요~💙💙💙💙💙💙💙💙💙
1,그립고 보고픈 이잼~ <br>너무 소중한 사람~ <br>나의 대통령~<br>힘내요 그대~🙆‍♀️🙆‍♀️🙆‍♀️🙆‍♀️🙆‍♀️
1,이재명  화이팅♥♥♥♥♥♥♥
1,적의적은 공통의적 입니다 박근혜대통령을 윤당보다  먼저만나야 합니다<br>국가 원로들을 찿아 스승으로 모시세요 이는 멈추지 안는 통합을 향한 행보입니다<br>윤석열을 지지한 국민들도 다끓어 안아야 합니다 멈추어 잇을시간이 없습니다 하나님의 선택을 받으신분이 좌절이라니요<br>하나님은 윤석열지지자들 모두의 지지를 이끌어 내시라는 뜻일 겁니다 멈추지 마시고 앞으로 대통합을 위해 대한민국을 하나로 만드시고 남북통일을 이루시어 푸틴을 설득하고 인류의 미래를 여세요 통일과 미래에 대한 메세지는 나중에 전하겠습니다
1,이재명 우리가 꼭 대통령 만듭시다.!!
1,지금도 먹먹합니다.  다시한번 국민통합의  꿈을 이룰수 있도록 지금을 살아갈 것이고 기다리겠습니다.
1,아 보고싶다 언제와요 잼 ㅠㅜ
1,알 수록 멋진 이재명 이미 성공입니다.👍
1,보고싶어요    어서 나오셔서  힘을주세요~~~
1,거짓이 참을 이겨버린 암울한 현실이 너무 힘들고 역겨워요
1,시간이 멈춘것같은 기분ᆢ 이재명대통령이 머라구 내맘이 그렇네요.노무현대통령님 이후로 참 많이기대했었는대ᆢ<br> 그래두 내맘속에 대통령 이재명님을 위해서 참고 기다리렵니다.
1,"경남 진주 거주합니다.저는40대이고 제동생 내외는 30대 입니다.우리 모두는 이재명님을 응원합니다.이눈물이 날 것 같아서‥당시에 일부러 안봤던 영상을‥ 지금에서야 찾아서 보게 되다니‥<br>지금은 괜찮을 줄 알았는데‥역시‥눈물이 납니다.<br>연설의 문장,단어 한 마디 마다 강한 의지가 느껴집니다.저는 언제나 응원할 겁니다.매 순간‥"
1,응원함니다<br>지지함니다<br>또힘내봅시다💙💙💙💙
1,안타까워서 눈물이납니다. 어쩌겠습니까.<br>김대중대통령이 어렵게 우여곡절 어렵게 당선됀것처럼 좀만더기다렸다가 다시뵙길희망합니다. 사랑합니다. 지지합니다~~~~♡
1,보고싶어요..ㅠㅠ
1,비록 졌지만...ㅠㅠ  끝이아니라.. 다시 시작이다!!!!!!!!!!!!!!!!!!!!!!!!!!!!!!
1,💙💙💙
1,😭😭😭
1,윤석열 대통령
1,응~ 탈락
1,이재명을 왜 노무현이랑 비교를해? 노무현이 그렇다고 이재명이 그렇게 될리가있나 노무현이랑은 비교하지마라 수준도 안맞는 애를 대려다가 뭔 ㅋㅋㅋ
1,"오늘 당선자가 청와대 상춘재를 방문했네요<br>상춘재는 춘양목으로 지었지요<br>고문님이 대통령 후보시절 초등학교 동창들과 담소를 나눴던 봉화 춘양면 서동리 입구에 있는 만산고택읗 기억하시는지요?<br>어느 누구도 거기까지 오신 후보는 없었는데 후보님은 오셨어요<br>아마 청와대 상춘재와 서동리는 인연이 있을거에요<br>상춘재에 쓰인 춘양목이 서동리 끝자락에 있는 마을인 서당골에서 베어 갔을 가능성이 아주 많거든요<br>산에서 부는 바람을 막는 용도로 마을 언댁에 아름드리 소나무 숲이 있었고 당집도 거기에 있었는데<br> 어느날 갑자기 소나무를 한그루도 남김없이 베어갔더라구요 소나무숲이 있어서 언덕이름도 소낭디 였어요<br>철들고 난 후 어른들께 여쭈니 궁궐짓는다고 베어갔다고 하셔서 <br>죄없는 아버지께 엄청 화를 냈었지요<br>왜 그 좋은 소나무를 다 베어가게 가만있었나<br>돈이 그렇게 중요하냐 나무 판 돈은 어쨌냐<br>어른들은 어떤 생각으로 살기에<br>당집 있던 소나무를 파냐 너무 무식하다 등등<br>해서는 안될 소리도 했었지요<br>춘양에는 일제때 다 베어가고 춘양목이 거의 없었고 지금은 아예 없습니다<br>어느 기록에도 없는, 아닐 수도 있지만,<br>마을 당집을 지키던 소나무들이었는데<br>상춘재를 짓는데 베어가고<br>이제는 아주 오랜 기억속에만 있습니다<br>다음에는 꼭 대통령이 되셔서 저의 어린시절 추억과 마을어르신들의 기도가 깃들린 나무로 지은 상춘재도 지켜주시고 춘양도 다시 찾아주세요<br>춘양목은 춘양의 차디찬 겨울날씨 때문에  곧게 자랍니다 <br>그래서 궁궐 짓는데 쓰였고요<br>봄볕을 기다리며 드립니다"
1,다시 정리하면<br>이재명의 나쁜 이미지가<br>큰 장애물이었고<br>해명도 제대로 되지 않았어<br>막판에 많이 따라잡았지먼<br>결국 2프로 부족했다<br>모자란 2프로를 단일화로<br>채워야하는데<br>이재명 선거참모들이 <br>그런 꾀가 없어서<br>그냥 단순 유세만 <br>계속 하다가<br>진거로 본다!<br>이런 전략이라면<br>또나와도 되기 어렵다!
1,어떤 어려움이와도 우리 끝까지 지켜냅시다. <br>국민들이 가짜뉴스 언론에 등돌릴까봐 벌써부터 걱정되네요. <br>제2의 논두렁시계로 김정숙여사를 망신주기 하고 있습니다. <br>어리석은 국민들은 또 속아넘어가고 있습니다.
1,아아~~~  다시 보고픈 사람...  내맘속의 영원한 대통령~~~~💙💙💙💙💙
1,이날 너무 감동이였는데 <br>보고 싶어요 ㅜㅜ
1,"하루에 허벌나게 알까니 좋으시겠녀요.,마니 카세요. 부디."
1,우리가 이깁니다<br><br>힘들면 들으러 들어옵니다…
1,이재명 강기정 전재수 홍익표 정청래♥ 모두조아합니다
1,60평생 선거치루고 울어보긴 처음입니다~ <br>후원자가 되기도하고  밭갈이도 해 보았고<br>아들과 선거 땜에 싸웠습니다~<br>하지만 이제 시작입니다<br>진보이지만 당원가입은 처음입니다<br>다시 시작하는 맘으로 임항상 응원하겠습니다~
1,배신자 문재인 을배신한석열악의축이다.무섭다.
1,"이제명 니은위대하십니다존경합니다.이제명이이끄는.나라에.살고싶다.사랑합니다.존경합니다.윤폭탄뽑아노고조다고.두고보자,국힘당."
1,나의 늙은 잼칠라...💙💙💙💙💙💙💙💙💙💙💙💙💙💙💙💙
1,우매한 국민의 굥이 나라를 어수선하게 하는 현실..ㅠㅠ 개딸 냥아들 깨시민의 대통령 당신이 많이 그립습니다 벗꽃이 피고 개나리가 피는  따뜻한 4월엔 건강하고 화사한 모습뵐수 있기를..
1,이재명 컴백 투 어스 <br>존경하고 사랑합니다
1,아.  미치겠다!
1,"이재명님, 김어준님, 그리고 진보진영의 모든 대안언론인들분들께 제안드립니다. <br><br>먼저 이재명님, 모든 진보진영의 대안언론인 여러분,  이번 선거에서 정말 고생 많으셨습니다. <br>일단 속도감 있게 이야기해 보겠습니다. <br><br>기성언론은 선거 두 달 전부터 윤석열 후보가 높게 평가된 여론조사를 <br>전 국민에게 자주 노출시켰습니다. <br>선거 직전까지 기성언론은 윤석렬 대세론을 만들었습니다.<br>하지만 투개표에서 확인 했듯이<br>두 후보의 지지율은 초박빙이였습니다. <br>윤석열 대세론은 기성언론이 만들어낸 허상이였고<br>그 허상을 선거 직전까지 기성 언론들은 유권자들에게 주입시켰습니다.<br>결국 허상이 진상이 되고 말았습니다.  <br><br>냉정하게 선거의 패배를 선거 공학적으로만 평가한다면<br>패배 이유는 간단합니다. <br>보수는 중도층에게 뉴스를 잘 전달하였고 <br>진보는 중도층에게 뉴스를 잘 전달하지 못했습니다.  <br>결국 중도층에게 뉴스를 잘 전달하는 쪽이 선거에서 이기는 것입니다. <br><br>모두 공감하듯이 진보진영은 기울어진 운동장, 즉 구조적으로 불리한 상황에 놓여 있습니다. <br>보수는 이미 인프라가 갖춰진 기성언론들을 통하여 <br>중도층에게 지금도 하루 종일 뉴스를 전달하고 있습니다.  <br>하지만 진보진영은 대안언론들을 통해 정치 고관여층에게만 뉴스를 전달할 뿐,  <br>중도층에게는 뉴스를 전달하지 못하고 있습니다.  <br>앞으로도 이 같은 구조 속에서 선거를 치른다면 결과는 똑같이 나올 것입니다.  <br><br>이것이 현실입니다. <br><br>이재명과 김어준, 그리고 진보진영의 대안언론인분들께 제안드립니다.  <br>중도층도 거부감 없이, 쉽게 볼 수 있는 뉴스를 제작해 주십시오. <br>월요일부터 금요일까지 주 5일 동안, 저녁 8시 정각에, 40분 분량의 뉴스를 <br>유튜브에서 실시간으로 진행해 주십시오.<br>지금까지 진보진영이 취하고 있는 좌담식 심층보도가 아닌, <br>기성언론이 취하고 있는 뉴스데스크 형식으로 진행해 주십시오. <br>정제된 언어를 사용하여, 짧고 간결하지만 핵심이 응집되어 있는, <br>40분 짜리 고퀄리티 유튜브 뉴스채널을 만들어주십시요. <br><br>중도층에게 뉴스를 전달하기 위해서는 <br>기성언론의 뉴스 방식이여야 합니다.<br>중도층은 정치 고관여층이 아닙니다.  <br>그러므로 짧은 시간에 효과적으로 전달하는 방식이여야 합니다. <br> <br>또한 뉴스 진행 중 비속어의 사용이나 자유분방한 진행은  <br>중도층에게 신뢰감을 주지 못합니다.  <br>중도층도 신뢰감을 가지고, 쉽게 볼 수 있는, 주 5회, 저녁 8시, <br>40분 분량의 뉴스채널을 만들어 주십시오 <br><br>이재명님. . . <br>이번 20대 대통령 선거에서<br>중도층에게 <br>이재명 후보의 장점과 단점을 균형 있게 전달하는 언론이 있었다면,<br>또한 중도층에게<br>윤석열 후보의 장점과 단점을 균형 있게 전달하는 언론이 있었다면, <br>중도층은 어떤 선택을 했을까요?<br><br>이재명님은 억울하지 않으신가요?<br>저는 너무너무 억울합니다. <br>이재명님, <br>기성언론들과 견줄수 있는 뉴스채널을 만들 수 있도록 함께 노력해주세요.<br>이재명님이 후보 시절, 국민들에게 이런 부탁을 하셨습니다. <br>국민 한 사람 한 사람이 언론의 역할을 해주시라고. . . .<br>20대 대통령 선거에서 당신을 지지하던 진보진영의 대안언론들과 국민들은 <br>최선을 다했습니다. <br>이제 이재명님께 간곡히 부탁드립니다. <br>이재명님을 지지했던 1600만 국민들이 <br>기성언론들에게 기죽지 않고 언론의 역할을 할 수 있도록 <br>1600만 뉴스채널을 만드는 일에 힘써주시고 <br>1600만 구독운동도 함께 해주세요.<br><br>김어준님에게도 부탁드립니다.  <br>이제 필드에서 조금만 활동하시고  <br>님이 가지고 있는  <br>사람을 존중하는 인품과(이건 좀 아닌가?) <br>시대의 흐름을 읽어내는 통찰력과 <br>예술과 소통할 수 있는 감성으로  <br>뉴스채널을 만들어 지휘해 주시길 부탁드립니다.  <br>후배 기자들도 양성해주세요.<br>그렇게 계속 새벽에 일찍 일어나고 불규칙적인 삶을 살면 <br>간이 스트레스 받습니다.    <br>암튼 더 큰 영향력을 행사해 주시길 부탁드려 봅니다. <br><br>진보진영의 대안언론인 여러분, <br>여러분들의 활동이 없었다면 초박빙의 구도를 만들지 못했을 것입니다. <br>하지만 중도층에게 까지 뉴스가 전달 되려면<br>다 같이 힘을 모아 구독자 1600만명 정도의<br>기성언론을 압도하는 뉴스채널을 만들어야 합니다.<br>뉴스채널이 만들어지면 대안언론들의 실력으로<br>기사도 마음껏 제공해 주시고,<br>함께 홍보해 주시고 구독운동도 부탁드립니다.<br>40분 짜리 짧은 뉴스지만, 이 뉴스를 중심으로<br>진보진영의 대안언론이 더 많은 활동들을 할 수 있을 것입니다. . <br>보수는 기성언론들을 중심으로 일사분란하게 움직입니다. <br>진보진영도 구심점이 반드시 필요합니다. <br><br>20대 대선은 졌지만 <br>희망이 보여야<br>1600만 국민들도 답답한 마음이 사라지지 않겠습니까?<br>이재명님, 김어준님, 진보진영의 대안언론인 여러분,<br>진보진영 국민들에게,<br>진보진영을 대표하는 하루 40분 짜리 뉴스채널 하나 만들어주세요. <br>더 이상 기성언론 주변을 마지못해 기웃거리지 않게 만들어 주세요.<br>언론개혁을 죽어라 외치는 일이, 다시는 없도록 만들어 주세요.<br>편파적인 언론은 더 이상 소비하지 않는다는 것을,  <br>언론을 소비하는 우리가 보여줄 수 있게 만들어 주세요.<br>일주일에 5일, 저녁 8시, 비록 40분 분량의 짧은 시간이지만<br>1600만 진보진영의 국민들에게는 <br>다시 시작할 수 있는 희망이 될 것입니다.<br> <br>진보진영 대안언론들의 취재 실력과 <br>김어준의 시대를 읽는 통찰력,<br>그리고 이재명의 호소력으로 <br>뉴스채널 만들어서<br>국민들이 속 시원할만한 뉴스를 제공해 주세요. <br>국민을 위해 만든 법을, 국민이 누릴 수 있도록 알려주고 <br>국민을 위해 입법 활동을 하는 국회의원을 취재하여 그 내용을 소개하고 <br>국민을 위해 만들어진 법들이 잘 지켜지는지 취재하고 <br>국민을 위해 만들어진 법이 시행되는 곳을 찾아가, 부족한 점은 없는지 취재하고  <br>국민을 위해 여야를 가리지 않고 정치인의 부정부패가 있다면 가감없이 알리고<br>국민을 위해 사회와 기업의 비리가 있다면 눈치 보지 않고 문제 제기할 수 있는 뉴스를<br>이재명, 김어준, 진보진영의 대안언론인들이 함께 힘을 합쳐 제공해주세요.<br>전 국민이 공감할 수 있고 응원할 수 있는 뉴스채널을 만들어 주십시오. <br>그럼 반드시 중도층에게도 뉴스가 전달 됩니다. <br><br>중도층과 더 나아가 보수층에 까지 뉴스만 전달할 수 있다면  <br>선거는 축제처럼 즐길 수 있습니다.  <br>원래 민주주의에서 선거는 축제입니다. <br>유권자들이 선택의 즐거움을 만끽하는 시간입니다. <br>그러나 지금 대한민국의 선거는 <br>유군자들이 누려야 할 선택의 즐거움을 <br>기성언론이 가로채 갔습니다. <br>기성언론이 선택한 대통령 후보자,<br>그 선택을 강요 받으며 선거를 치러야 하는 유권자는 <br>하나도 즐겁지 않습니다. <br>이제 깨어 있는 시민의 조직된 힘으로 선거를 축제로 만들어 봅시다.<br><br>기울어진 운동장은 낮은 곳을 높이면 평평해 집니다. <br>낮은 곳을 높이는 일, 쉽지는 않지만 하면 됩니다. <br>이재명, 김어준, 진보진영의 대안언론인분들이 힘을 모아<br>기성언론을 능가하는 뉴스채널 하나 만들어 주십시오.<br>하루에 40분 짜리 고퀄리티 뉴스 하나 만들면 <br>기울어진 운동장을 평평하게 만들 수 있습니다. <br>1600만 국민들이 이재명 한 사람을 선택 했듯이<br>뉴스채널 하나 구독 못할 이유 없습니다. <br>깨어 있는 시민의 조직된 힘이 작동 될 것입니다. <br><br>운동장을 평평하게 만들어서 <br>앞으로 다가오는 모든 선거들을 축제처럼 즐겨 봅시다. <br>민주진영은 충분히 그럴 자격이 있습니다.  <br>유능한 대통령 후보를 가지고도 선거에서 진다는 것이 말이 되는 상황입니까?<br><br>이재명, 김어준, 진보진여의 대안언론인 여러분. . <br>먼저 나서 주십시오. <br>당신들을 지지했던 1600만 국민들이 <br>동참하고 도울 것입니다.<br>국민을 믿고 “8시 뉴스” 만들어 주십시오.<br><br>이재명, 김어준, 진보진영의 대안언론인 여러분들의 <br>납득할 만한 답변과 대안이 없으면 <br>매일 올릴 것입니다. 매일. . <br><br>끝까지 글을 다 읽고 공감하시는 분들은 <br>“저녁 8시 뉴스는 누가 만듭니까?” 라고 <br>댓글 달기 해주세요~ ^^<br>* 노영희 변호사님이 말씀하신 종편 만드는 것도  <br>  좋은 대안인 것 같습니다."
1,"상대원 시장ㅜㅜ<br>고문님, 끝까지 응원합니다! <br>건강 잘 챙기세요!<br>사랑합니다!"
1,저에게는 와닿았어요 재명님 계속 응원할게요ㅎㅎ
1,이재명이 숨어 있을수록 대중들은 이재명의 가치를 느끼고 그를 부를 것입니다.. 눈물나는 연설 지사님이 여사님이 미운적도 있었지만 대통령감은 이재명 뿐인데 윤무식 땜에 뉴스도 안봅니다. 오호 통제라!!!
1,아이고~~ 또 맘이 아프네요~ 힘내주세요.. 내 마음속 대통령님~
1,이재명 후보님 고생하셨습니다 ㅜㅜㅜ 정말 꼬시네요 다신 언론에 안나오고 조용히 짜져살면 좋겠습니다 역겹습니다 안경도 부수고싶당
1,에휴 눈물난다....
1,응원합니다💙💙💙💙💙
1,힘내시구 잘 먹고 잘 쉬고<br>눈 마사지 하시구 ㅎㅎㅎ<br>잘 챙기세요^^
1,모지란 부분 우리 다같이 체웁시다~
1,우리사회는 냉정합니다~힘내시고 다시 갑시다
1,"문득 생각나서 왔어용~<br>친근하게 형이라고 좀 할게요~!!<br><br>재명이형 선거 후에 어떻게 지내는 지 모르겠네요.  19대 대선 때부터 지지했었고, 이번 20대 대선때 제가 사는 지역에 왔을 때도 유세 현장에도 나가고 그랬었죠. 실물로 보니 무척 반가웠고, 역시나  말씀 하나하나 다 &quot;역시 이재명이구나, 참 멋있는 사람이다&quot;라고 생각하면서 뿌듯했어요.  <br><br>지난 알릴레오 출연 때 진솔하게 한 말씀이 생각이 나네요. &quot;(본인이) 사람들의 기대, 인정욕구에 부응하고 싶지 않은가&quot; 라는 본인이 본인에 대한 진단이요. 처음엔 그 말씀을 듣고 저는 그렇게 생각이 들었어요. &quot;대통령이 될 사람치고는 좀 😂  배포가 작은 거 아닌가?&quot;, &quot;굳이 남의 평가에 눈치를 그렇게나 봐야하나?&quot;<br><br>그런데 시간이 좀 흐른 뒤에 문득 든 생각은, &quot;그 인정욕구를 져버리지 않고 내내 간직하며 그것을 충족해내는, 이재명다움이 참 너무나 멋있다&quot; 였어요.<br><br>두서가 많이 없었는데, 아무튼 우리 후보님, 아니지 이제는, 우리 내가 끝까지 지지하는 우리 정치가 이재명님. <br><br>다음에 대통령이 되고, 또 역사에 길이남을 성공적인 대통령으로 기록될 때까지 열심히 뒤에서 응원하겠습니다.<br>그러니 이번에 받은 상심을 훌훌털어내시고, 다시한번 우리 지지자들의 기대에 부응해주시길 바랍니다.<br><br>어느 지지자 배상♡"
1,오늘 다시보게 됐네요..<br>그냥 눈물이...<br>10년기다렸는데...<br>자격도안되는 사람에게 ....ㅠㅠ<br>정치는 국민이한다는 말씀 잊지않고<br>끝까지 응원하겠습니다!!!
1,지금도 눈물나요 유세 현장보면 그 목소리 그립습니다
1,당시에 광화문 마지막 유세에 같이 참여 했다는것만으로 너무 기뻤습니다. 비록 당신이 말한 3월10일 20대 대통령으로 다시 인사하겠습니다 는 이룰수 없었지만 당신의 가치와 당신의 진실을 알기에 끝까지 지치고 읺고 이재명.
1,중년인데 개딸들 덕분에 덕통사고 난듯 합니다<br>끝이 아닌 시작입니다~~!!!!!
1,건강만 해주세요 싸워서 이겨야하니까요 건강해주세요 20대 대통령님
1,"&#39;우리에게도 이런 지도자가 .....&#39;<br>스웨덴은 1인당 국민소득이 무려 5만달러가 넘을뿐더러 세계 최고의 복지국가입니다~<br>또한 스웨덴은 전 세계에서 국민 행복지수와 반부패지수 (국가청렴도 지수)가 최상의 순위를 유지하고 있습니다~<br>그러나 약 80여년 전만 해도 스웨덴은 가난, 실업, 빈부 격차, 좌우 갈등, 극심한 노사 분쟁 등으로 그야말로 절망의 나라였습니다~<br>특히 노동 손실일수가 세계에서 가장 높을 정도로 노사 분규가 가장 극심한 나라였습니다~<br>하지만 지금은 모두가 꿈꾸는 최상의 복지국가로 변모되었습니다~<br>이처럼 많은 국가와 국민들이  부러워하는 스웨덴을 일구어 내는데 빼놓을 수 없는 인물이 바로  &#39;타게 엘란데르&#39; 라는 정치가입니다~<br>스웨덴에서 가장 존경하는 정치인이 누군지 물어보면 대답이 한결 같습니다~<br><br>1946년 45세부터 23년간 총리를 지낸 &#39;타게 엘란데르&#39; (1901~ 1985) <br>그는 재임 중 11번의 선거를 모두 승리로 이끌었습니다~<br>마지막 선거에서는 스웨덴 선거"
1,반드시 권토중래 하실 겁니다.<br><br><br><br>그 날까지 건강 관리 잘 하시기를.....
1,사랑합니다 사랑합니다 나의 지사님❤❤😊😊❤❤
1,기다리겠습니다. 꼭 다시 나와 주세요.
1,가슴아파~~~~💙💙💙💙💙💙💙💙💙💙💙💙💙💙💙💙💙💙💙
1,이재명 후보가 당선인이 됐다면...이렇게 나라가 시끄럽고<br>이렇게 가슴이 무너지지 않았을터인데...불과 대선 이후 얼마 안돼서<br>용산 이전 문제로 이리 나라를 시끄럽게 만들고 본부장 비리는 묻히고 있으니<br>우리가 다시 일어서서  이재명 후보가 대통령이 될 날을 반드시 이루어내겠습니다.<br><br>더 이상 주저앉아 울지 않고 다시 일어나 힘차게 싸울 것입니다.<br>이런 인재를 5년 동안 썩혀야 하는 대한민국의 불행이 더 이상 되풀이되지<br>않도록 국민들이 일어나야 할 것입니다.
1,ㅠㅠ
1,힘내세요.😊👍👍👍👍👍
1,끼니 잘 챙겨드시고 몸 건강히 차기대선에서 기다리고있겠습니다. 수고하셨습니다.
1,선물같은 개딸들 덕분에 긍정에너지 풀장착하고 잠시 들러 구독누르고 갑니다.<br>개딸들 아부지~~<br>신께서 당신을 참 사랑하십니다 그려. <br>이그 복쟁이~<br>잊지마셩!!
1,엌ㅋㅋㅋㅋㅋㅋㅋㅋㅋㅋㅋㅋㅋㅋㅋㅋㅋㅋㅋㅋㅋㅋㅋㅋㅋㅋㅋㅋㅋㅋㅋ ㅈㄴ 웃기넼ㅋㅋㅋ
1,1번 뽑을라는데...<br>왜 하필 우리 학급에도 내가 1을 뽑았을까..?<br>1을 많이쓰는 숫자중 1만 뽑는다고 합니다. 뭐 나중에 어른되면 1번을 뽑아드릴게요.
1,그립습니다 넘 보고싶습니다!! *이재명*이란 이름석자 알고부터 누가뭐라해도 이재명 당신을 맘속으로 응원하고 또 응원했습니다 <br>다시 우리앞에 나타나실때까지 잊지않고 기다리고 있겠습니다 ^^ 불사조 같은 이재명 화이팅!! 아자아자화이팅!!
1,"그동안 &#39;사팔랩&#39; 에서 많이 응원했습니다만,<br>안타깝고 아쉽습니다~<br>이제 툭털고 <br>대한민국을위해<br>다시 일어나셔서 민주당 을 이끌어주셔야합니다~<br>개딸들이 외치고있습니다~"
1,지금부터 더 힘껏 지지드리겠습니다~
1,대통령 선거 끝까지 봤는데 윤후보님이 당선이라니....이재명님 힘내세요 전 언제든지 이재명님 편입니다 힘내십쇼!
1,ㅈㅊ
1,힘냅시다
1,"[ 공윤권 김해시장 출마 기자회견 ]<br><br>&quot;변화&quot; 의 바람을 일으키겠습니다.<br>&quot;가슴뛰는 김해&quot; 를 만들겠습니다.<br><br>오늘 많은 분들의 응원속에 김해시장 출마 기자회견을 가졌습니다.<br><br>그동안 김해시민들의 전폭적인 지지속에 더불어민주당이 김해시를 운영할 수 있는 기회를 가졌지만 최근 대통령 선거의 결과는 매서운 회초리였습니다.<br>전국에서 가장 빠르게 성장하던 김해시가 활력이 떨어지고 인구도 빠져나가기 시작했습니다.<br><br>김해시민들의 엄중한 질책은 민주당이 변화하라는 명령이고 그 핵심은 그동안의 낡고 구태의연한 김해시 행정의 변화입니다. 즉,김해시장의 교체입니다.<br><br>젊고 역동적인  김해시에 어울리는 젊고 역동적인 시장이 되겠습니다. <br>김해시민들이 김해에 살면서 자부심을 느끼고 삶의 희망을 가질 수 있는 김해를 만들겠습니다.<br><br>&quot;가슴뛰는 삶이 있는 김해&quot; 를 만들겠습니다.<br><br><a href=""http://www.youtube.com/results?search_query=%23%EA%B3%B5%EC%9C%A4%EA%B6%8C"">#공윤권</a><br><a href=""http://www.youtube.com/results?search_query=%23%EA%B9%80%ED%95%B4%EC%8B%9C%EC%9E%A5_%EA%B3%B5%EC%9C%A4%EA%B6%8C"">#김해시장_공윤권</a><br><a href=""http://www.youtube.com/results?search_query=%23%EB%8D%94%EB%B6%88%EC%96%B4%EB%AF%BC%EC%A3%BC%EB%8B%B9_%EA%B9%80%ED%95%B4%EC%8B%9C%EC%9E%A5_%EA%B3%B5%EC%9C%A4%EA%B6%8C"">#더불어민주당_김해시장_공윤권</a><br><br><a href=""https://n.news.naver.com/article/003/0011078517"">https://n.news.naver.com/article/003/0011078517</a>"
1,어제 과음 때문에 토좀 할려고 ㅜㅜ 개운하네요
1,보고싶어서 왔잔아~(개딸은 아니잔아ㅋ)<br>또 와야지~이재명 100만 가즈아~~^^
1,당신이 패배한이유<br>여성가족부를 폐지안해서<br>문제인길을 갈여고해서야<br>여가부는 쓸모없는 부처야 인정하고<br>다음 대선때는 쓸모없는여자들 전부다<br>잘라버려 그럼 다음대선때 니가 대통령이다<br>여군 여경 인원감축들고나오면 니가 대통령된다<br>명심해라
1,보고보고  또  보고<br>그래도  다시  보고싶다
1,"이재명님, 김어준님, 그리고 진보진영의 모든 대안언론인들분들께 제안드립니다. <br><br>먼저 이재명님, 모든 진보진영의 대안언론인 여러분,  이번 선거에서 정말 고생 많으셨습니다. <br>일단 속도감 있게 이야기해 보겠습니다. <br><br>기성언론은 선거 두 달 전부터 윤석열 후보가 높게 평가된 여론조사를 <br>전 국민에게 자주 노출시켰습니다. <br>선거 직전까지 기성언론은 윤석렬 대세론을 만들었습니다.<br>하지만 투개표에서 확인 했듯이<br>두 후보의 지지율은 초박빙이였습니다. <br>윤석열 대세론은 기성언론이 만들어낸 허상이였고<br>그 허상을 선거 직전까지 기성 언론들은 유권자들에게 주입시켰습니다.<br>결국 허상이 진상이 되고 말았습니다.  <br><br>냉정하게 선거의 패배를 선거 공학적으로만 평가한다면<br>패배 이유는 간단합니다. <br>보수는 중도층에게 뉴스를 잘 전달하였고 <br>진보는 중도층에게 뉴스를 잘 전달하지 못했습니다.  <br>결국 중도층에게 뉴스를 잘 전달하는 쪽이 선거에서 이기는 것입니다. <br><br>모두 공감하듯이 진보진영은 기울어진 운동장, 즉 구조적으로 불리한 상황에 놓여 있습니다. <br>보수는 이미 인프라가 갖춰진 기성언론들을 통하여 <br>중도층에게 지금도 하루 종일 뉴스를 전달하고 있습니다.  <br>하지만 진보진영은 대안언론들을 통해 정치 고관여층에게만 뉴스를 전달할 뿐,  <br>중도층에게는 뉴스를 전달하지 못하고 있습니다.  <br>앞으로도 이 같은 구조 속에서 선거를 치른다면 결과는 똑같이 나올 것입니다.  <br><br>이것이 현실입니다. <br><br>이재명과 김어준, 그리고 진보진영의 대안언론인분들께 제안드립니다.  <br>중도층도 거부감 없이, 쉽게 볼 수 있는 뉴스를 제작해 주십시오. <br>월요일부터 금요일까지 주 5일 동안, 저녁 8시 정각에, 40분 분량의 뉴스를 <br>유튜브에서 실시간으로 진행해 주십시오.<br>지금까지 진보진영이 취하고 있는 좌담식 심층보도가 아닌, <br>기성언론이 취하고 있는 뉴스데스크 형식으로 진행해 주십시오. <br>정제된 언어를 사용하여, 짧고 간결하지만 핵심이 응집되어 있는, <br>40분 짜리 고퀄리티 뉴스채널을 만들어주십시요. <br><br>중도층에게 뉴스를 전달하기 위해서는 <br>기성언론의 뉴스 방식이여야 합니다.<br>중도층은 정치 고관여층이 아닙니다.  <br>그러므로 짧은 시간에 효과적으로 전달하는 방식이여야 합니다. <br> <br>또한 뉴스 진행 중 비속어의 사용이나 자유분방한 진행은  <br>중도층에게 신뢰감을 주지 못합니다.  <br>중도층도 신뢰감을 가지고, 쉽게 볼 수 있는, 주 5회, 저녁 8시, <br>40분 분량의 뉴스채널을 만들어 주십시오 <br><br>이재명님. . . <br>이번 20대 대통령 선거에서<br>중도층에게 <br>이재명 후보의 장점과 단점을 균형 있게 전달하는 언론이 있었다면,<br>또한 중도층에게<br>윤석열 후보의 장점과 단점을 균형 있게 전달하는 언론이 있었다면, <br>중도층은 어떤 선택을 했을까요?<br><br>이재명님은 억울하지 않으신가요?<br>저는 너무너무 억울합니다. <br>이재명님, <br>기성언론들과 견줄수 있는 뉴스채널을 만들 수 있도록 함께 노력해주세요.<br>이재명님이 후보 시절, 국민들에게 이런 부탁을 하셨습니다. <br>국민 한 사람 한 사람이 언론의 역할을 해주시라고. . . .<br>20대 대통령 선거에서 당신을 지지하던 진보진영의 대안언론들과 국민들은 <br>최선을 다했습니다. <br>이제 이재명님께 간곡히 부탁드립니다. <br>이재명님을 지지했던 1600만 국민들이 <br>기성언론들에게 기죽지 않고 언론의 역할을 할 수 있도록 <br>1600만 뉴스채널을 만드는 일에 힘써주시고 <br>1600만 구독운동도 함께 해주세요.<br><br>김어준님에게도 부탁드립니다.  <br>이제 필드에서 조금만 활동하시고  <br>님이 가지고 있는  <br>사람을 존중하는 인품과(이건 좀 아닌가?) <br>시대의 흐름을 읽어내는 통찰력과 <br>예술과 소통할 수 있는 감성으로  <br>뉴스채널을 만들어 지휘해 주시길 부탁드립니다.  <br>후배 기자들도 양성해주세요.<br>그렇게 계속 새벽에 일찍 일어나고 불규칙적인 삶을 살면 <br>간이 스트레스 받습니다.    <br>암튼 더 큰 영향력을 행사해 주시길 부탁드려 봅니다. <br><br>진보진영의 대안언론인 여러분, <br>여러분들의 활동이 없었다면 초박빙의 구도를 만들지 못했을 것입니다. <br>하지만 중도층에게 까지 뉴스가 전달 되려면<br>다 같이 힘을 모아 구독자 1600만명 정도의<br>기성언론을 압도하는 뉴스채널을 만들어야 합니다.<br>뉴스채널이 만들어지면 대안언론들의 실력으로<br>기사도 마음껏 제공해 주시고,<br>함께 홍보해 주시고 구독운동도 부탁드립니다.<br>40분 짜리 짧은 뉴스지만, 이 뉴스를 중심으로<br>진보진영의 대안언론이 더 많은 활동들을 할 수 있을 것입니다. . <br>보수는 기성언론들을 중심으로 일사분란하게 움직입니다. <br>진보진영도 구심점이 반드시 필요합니다. <br><br>20대 대선은 졌지만 <br>희망이 보여야<br>1600만 국민들도 답답한 마음이 사라지지 않겠습니까?<br>이재명님, 김어준님, 진보진영의 대안언론인 여러분,<br>진보진영 국민들에게,<br>진보진영을 대표하는 하루 40분 짜리 뉴스채널 하나 만들어주세요. <br>더 이상 기성언론 주변을 마지못해 기웃거리지 않게 만들어 주세요.<br>언론개혁을 죽어라 외치는 일이, 다시는 없도록 만들어 주세요.<br>편파적인 언론은 더 이상 소비하지 않는다는 것을,  <br>언론을 소비하는 우리가 보여줄 수 있게 만들어 주세요.<br>일주일에 5일, 저녁 8시, 비록 40분 분량의 짧은 시간이지만<br>1600만 진보진영의 국민들에게는 <br>다시 시작할 수 있는 희망이 될 것입니다.<br> <br>진보진영 대안언론들의 취재 실력과 <br>김어준의 시대를 읽는 통찰력,<br>그리고 이재명의 호소력으로 <br>뉴스채널 만들어서<br>국민들이 속 시원할만한 뉴스를 제공해 주세요. <br>국민을 위해 만든 법을, 국민이 누릴 수 있도록 알려주고 <br>국민을 위해 입법 활동을 하는 국회의원을 취재하여 그 내용을 소개하고 <br>국민을 위해 만들어진 법들이 잘 지켜지는지 취재하고 <br>국민을 위해 만들어진 법이 시행되는 곳을 찾아가, 부족한 점은 없는지 취재하고  <br>국민을 위해 여야를 가리지 않고 정치인의 부정부패가 있다면 가감없이 알리고<br>국민을 위해 사회와 기업의 비리가 있다면 눈치 보지 않고 문제 제기할 수 있는 뉴스를<br>이재명, 김어준, 진보진영의 대안언론인들이 함께 힘을 합쳐 제공해주세요.<br>전 국민이 공감할 수 있고 응원할 수 있는 뉴스채널을 만들어 주십시오. <br>그럼 반드시 중도층에게도 뉴스가 전달 됩니다. <br><br>중도층과 더 나아가 보수층에 까지 뉴스만 전달할 수 있다면  <br>선거는 축제처럼 즐길 수 있습니다.  <br>원래 민주주의에서 선거는 축제입니다. <br>유권자들이 선택의 즐거움을 만끽하는 시간입니다. <br>그러나 지금 대한민국의 선거는 <br>유군자들이 누려야 할 선택의 즐거움을 <br>기성언론이 가로채 갔습니다. <br>기성언론이 선택한 대통령 후보자,<br>그 선택을 강요 받으며 선거를 치러야 하는 유권자는 <br>하나도 즐겁지 않습니다. <br>이제 깨어 있는 시민의 조직된 힘으로 선거를 축제로 만들어 봅시다.<br><br>기울어진 운동장은 낮은 곳을 높이면 평평해 집니다. <br>낮은 곳을 높이는 일, 쉽지는 않지만 하면 됩니다. <br>이재명, 김어준, 진보진영의 대안언론인분들이 힘을 모아<br>기성언론을 능가하는 뉴스채널 하나 만들어 주십시오.<br>하루에 40분 짜리 고퀄리티 뉴스 하나 만들면 <br>기울어진 운동장을 평평하게 만들 수 있습니다. <br>1600만 국민들이 이재명 한 사람을 선택 했듯이<br>뉴스채널 하나 구독 못할 이유 없습니다. <br>깨어 있는 시민의 조직된 힘이 작동 될 것입니다. <br><br>운동장을 평평하게 만들어서 <br>앞으로 다가오는 모든 선거들을 축제처럼 즐겨 봅시다. <br>민주진영은 충분히 그럴 자격이 있습니다.  <br>유능한 대통령 후보를 가지고도 선거에서 진다는 것이 말이 되는 상황입니까?<br><br>이재명, 김어준, 진보진여의 대안언론인 여러분. . <br>먼저 나서 주십시오. <br>당신들을 지지했던 1600만 국민들이 <br>동참하고 도울 것입니다.<br>국민을 믿고 “8시 뉴스” 만들어 주십시오.<br><br>이재명, 김어준, 진보진영의 대안언론인 여러분들의 <br>납득할 만한 답변과 대안이 없으면 <br>매일 올릴 것입니다. 매일. . . <br><br>*노영희 변호사님이 “서울의 소리”에 기고하신 기사도 매우 공감이 됩니다.<br>그리고 뉴스채널 이름 추천합니다. <br>“MH뉴스”<br>기성언론이 그렇게 조롱했던 노무현님,<br>그의 이름 이니셜입니다."
1,"우리 이재명고문님께서 준비된 훌륭한 후보님이신데 0.73%로 졌다는 믿을수가 없는 비참한 현실때문에 가슴이 찢어지는것같아 피눈물이 납니다🍀1주일 넘게 괜히 죄없는 가족에게 짜증도내고 히스테리도 부렸습니다🍀그러나,다시 시작이다라는 심정으로 가열차게 싸우기위해서,그동안 바빠서 듣지 못했던 좋아하는 음악을 들으며 우울한마음을 떨쳐내고 이겨내려고 노력하고 있습니다💜💜💜나를위해 평화를위해 대동세상을위해 이재명💙🇰🇷🕯💙🇰🇷🕯"
1,"시기상조입니다- 포기하지마세요- 저도 포기 못합니다-  물어뜯기고 할퀴고 억울한 마음에도 수없이 설명했었던 역경이 있었습니다. 그것은 훨씬 더 단단해져야한다는 他山之石으로 기억하면 됩니다. 힘이들어도 함께 좋은나라 멋진나라 만들어야죠- 아직도 지금 저의 대통령은 이재명입니다-  나약해지지마세요- 나약해지고 포기하지마세요. 저도 치열했던 3주 전보다 훨씬 더 힘내겠습니다- 열공 , 잼 화이팅-! ( 자... 이제 시간은 충분하니 앞으로의 상상해왔던 계획부터 차근차근 만들어 나갑시다- )"
1,나의 대통령 이재명 보고싶습니다💕기다릴께요
1,제 아들이 초4 입니다.세상이 공평하다 말 할 수 없습니다.다시 해 주십시요.
1,보고 싶고 보고<br>싶습니다~<br>5년10년 기다리겠<br>습니다~~
1,이재명님 이나라좀<br>정상의로 만들어<br>주세요 우리는 당신을<br>믿어요<br>사랑 합니다~
1,당신의 출근을 기다립니다. <br>푹~~~~~~~~~~쉬시고 다시 출근하셔요 ♡ <br>이재명은 이제 시작입니다.
1,우리 이재명 후보님 !! 다시 출근하실 날만 기다리고 삽니다!! 부디 건강 잘 챙기세요!<br>존경합니다 ~~~♡
1,법의 심판이나 기다리는게....
1,청문회 때는 철천지 웬수같이 다그치던 사람이 대선후보가 되자<br>똘똘뭉쳐 기어코 승리로 이끄는 저당이<br>처음으로 부럽습니다<br>그놈이 계파가 뭐라고 이렇게 망쳐버리시나요 민주당 윗님들<br>이재명 혼자만의 외로운 선거였나요<br>제발 지방선거 잘해야 합니다
1,아부지 그 날까지 건강히 계세요. 그간 국민을 위해 일만 하시느라 못 누렸던 맛있는 음식 풍경좋은 곳 어무니 손 꼭 잡고 일상을 누리시기 바래요. 그날은 꼭 옵니다. 그 때까지만 당신을 일상으로 돌려드릴게요 나의 대통령 이재명.
