1,알리는 눈썰미 스탯100이상만
1,저걸 파는  곳  법적이 처벌 해야지
1,알리 사용자로써 여기서는최대삼만원 아래 구입해야한마디로 버려도 덜아쉬운 싸구려만 싸야한다
1,"짱깨는 그렇게싫어하면서 알리익스프레스, 타오바오같은 곳에서 직구는 그렇게많이하는 한국인들아...<br><br>제발 중국산은 웬만하면 거르자 제발"
1,"정부가 조금만 관심가지면, 짜가 수입 금방찿을듯??돈주먼 사이버애들 많챠나요, 쓸데없는 직원들 짜르고~~"
1,훠훠훠 듕국은 하늘과 같은 나라. 높게 우러러 봐야 합니돠 훠훠훠 쭵쭵
1,싸구려 근성에 사기당하는구나  한심하다 좋은상품이  왜 싸냐?
1,삼사통신사다 사기꾼들
1,빈대도 아마 중국직구를 통해 많이 들어왔을듯.... 특히 의류나 의자.가구 같은거에서 많이 섞여 들어왔을 가능성이 있음.
1,"살 걸 사야지. 대략 바가지나 설거지통, 청소솔 정도가 적당함."
1,남현희 덕분에 엄청난 광고효과 판매량 급증
1,한국경제와 기초 기본 사업을 망치는 중국 직수입을 금지해야 합니다
1,신기한 일이야 중국 중소기업 대기업 할거 없이 전부 베끼는것 밖에 할줄 모름<br>중국 인구가 14억 2천만인데 창의력이라고는 1도 없는게 신기할따름
1,알리익스프레스 10개중 8개는 불량이거나 조악한 제품 나머지 2개는 검증안된 짝퉁 싼맛에 시킬거면 불편함과 진짜일꺼란 환상은 버리고 주문하세요. ㅋㅋ
1,"세삼 스럽게, 중국 자체가 짜가다. 우리나라에 있는 중국인, 화교, 화인들도 재산 국고 환수 후 전부 추방 해야 합니다."
1,.... 그래서 중국산이 세계에서 제일 비싼거야....가짜 버리고 정품 다시 사야하니까...시간비용까지치면 두배정도 비싸네...
1,사지도 말고 쓰지도 마세요. 관계 안하닌가
1,전자제품은 역시 정품을 사야.... 알리는 그냥 의류 잡화 이런거 살때
1,중국이 중국했네
1,알리ㄹ금지 시켜 야지 쟤들물건에 뭐가 섞여 잇을줄알고
1,남현뤼 전청조 임테기냐?ㅋㅋㅋ
1,수돗물 임신ㅋㅋㅋㅋㅋ 제목보고 들어왔다
1,ㅋㅋㅋㅋ애초에 알리를 이용안하면 되지 ㅋㅋ
1,"알리에서 정품이란 걸 살 생각은 마세요 <br>그냥 신기한 제품, 장난감 이런거 살 생각으로 쇼핑하세요"
1,알리에 왜들어감요 ㅜㅜ 저런곳은 얼른 망해야죠
1,겨울일바지 사천원주고 알리서 삿다 국내 똑같은제품 만칠처넌하드라 배송비도 없어 알리 만쉐
1,중국제품쓰는 한국 년놈들 쓰레기들이다
1,와 역시 중국엔 성모 마리아님이 여럿 계시는구나 관계없이 임신 가능 ㅋ
1,짝퉁이라도 오면 다행이지.<br>3개월만에 벽돌 오는것 보다는 낫지.<br>저걸 짝퉁인걸 모르고 사리라 생각하냐.<br>허영심에 찌든 놈들이 사는거지.
1,중국.. 가끔 신기한 기인들이 있지만 대부분 거짓영상..<br>진리안만 뜨면 살면 재밌고 돈도 벌수있겠으나 속인들이 살기에는 위험천만한 곳..<br>23.11.9  목  익0118
1,정부는 저 딴 중국산 쓰레기 구입을 원천 차단하라.
1,중국꺼 싼맛에 쓰긴하는데 죄다 메이드인차이나인걸 우짭니까 없애버리던가 어캐좀하셈 ㅉ ㅏㅇ게들좀
1,중국 불량품이 많네요
1,쿠팡직구도 똑같이 사기치더라
1,노벨상 줘야겠네 수돗물로 임신을 다 시키고
1,저런거 사는 사람은 중고차 싸이트에서 벤츠 300에 판다고 사는 사람이랑 똑같은거 아닌가 ?
1,어밴져스 방패 스크래치 디자인 폰커버 구매했는거 수령해보니  프린트 ㅈㄴ 조악하게 해놔서 어이가 없더라😂 바로 양손으로 비틀어서 쓰레기통에 쳐박음
1,국내 오픈마켓에서도 짝퉁 팔아요. 알리와의 차이는 알리는 짝퉁 가격으로 짝퉁을 팔고 한국 오픈마켓에서는 짝퉁을 정품 가격으로 판매함.
1,중국물품 아직도 쓰나?<br>짝퉁에다 중국 김치에다.<br>누가 사용하냐..
1,그건 알바 아니고 저렴하게만 팔아라~ 무조건 산다!!!
1,애초에 중국 쇼핑 사이트에서 정품을 찾는거 자체가 코미디지.
1,알리 익스프레스는게 여기서 알았네요 sbs  고맙습니다.
1,이쯤되면 중국정부가 잘못하는 게 아니고 무능해서라고 밖에.. 한국이면 온 국민이 저모양인데 방법있겠나?
1,쓰던 말던 소비자 자유임
1,저 임테기 전청조가 쓴거 아냐? ㅋㅋㅋㅋ 남현희한테 임테기 개봉된거 줬다던데
1,임신테스트기는 애기가 간절한 부부에게는 마음에 상처가 될듯하네요.
1,중국 수법에 걸렸네 싸고 약간 쓸만한 제품들 많이 팔고 사람들 마음에 가성비로 여겨지면<br>짝퉁에 거의 쓸모없는 제품을 돈 받고 파는 것.
1,아니 짝퉁을 사는 사람도 문제 자꾸 사니깐 짝퉁이판치는거지
1,가짜 팔았으면 쇼핑몰에서 물어야지~~
1,마동석이 이새끼가 짝뚱판매몰(알리) 앞자비새끼임...그걸 홍보모델이라고 돈받고 그지랄
1,ck10a
1,섬해적<br>대륙도적
1,맨날 징징거리기만 하고 여전히 대책이 없구나.. 중국에 결국 잠식당하겟어.
1,유튜브 광고에 파는 브랜드 옷 대부분 중국산 가짜임 잘보고 사시길
1,중국인들도 너무싸면 안산다 ㅋㅋㅋ 알리는 적당히 저렴한 물건만 사길 추천
1,호기심에 몇번 사봤는대  쓸만한게 없음 10개 사면 8개는 못쓰고 2개는 몇번쓰고 버림
1,알리에서 전자기기는 안사는게 맞음 간단한 제품들만 살만한거지
1,내 안전을 담보로 저런 물건을 사용하고 싶지 않음. 가격좀 싸다고 막 쓰다가 어떤 문제가 생길지 무서움..
1,40초 이어폰 잘못낀거보는거 나만불편함???
1,중국 수입 다 막아야 한다.. 나라 전체가 짝퉁 천지다.
1,중국 직구 10개 사면 그중에 7개는 버리고<br>3개도 한두번 쓰고 버리게되서 이젠 아예 안삼
1,im 테스트기에요
1,싼맛에 사는거 아닌가? 그런데 품질까지 바라는건 소비자가 이상한것이지. 중공제 품질 만에 하나 정상인거 모르고 구매하는 사람 있나?
1,수돗물 두줄 뜨는 테스트기는 특수목적으로 일부러 만든거 아닌가 의심되네
1,짱꿔 옹호하던 스브스가 왠일로 ail를 까고 있넼ㅋㅋ????<br>야 제제인지 즤즤인지 ㅋㅋㅋ 그 ㅅ끠 추방하고 말을해라 ㅋㅋ
1,이어폰 QCY 싸고 좋은데. 삼성 왜 비싸계 파냐 ㅆㅂ
1,욕하지마라. 싸고 좋은 제품도 있어. 삼성 광고 받고 뉴스 했냐?!
1,싼게      비지떡이라고~~~<br>정품이   쓸만하지~~~
1,누구보다중국욕을하면서 중국물품사는 그들은 대체?
1,휴대폰이랑 메모리카드 빼고 다 살만함 ㅋㅋ<br><br>물론 당연하게도 비슷한 제품중  높은가격대 제품에 비해 품질은 떨어지지만 가성비제품이 워낙 많아서..<br><br>심지어 국내에서 파는 제품이랑 똑같은데 가격은 두배이상 차이나는 경우나 국내에서 파는거보다 더 좋은경우도 많아서 끊을수가 없는..<br><br>근데 다른거도 아니고 임신 테스트기를 저기서 왜삼?
1,앜ㅋㅋ 전청조가 알리에서 산 테스트기를 남씨 한테 준거였군요
1,ㅋㅋㅋㅋㅋㅋ 저게 바로 전청조가 썼던 바로 그 I&#39;m 신뢰표 임신테스트기 맞는거 같은데 ㅋㅋㅋㅋㅋ
1,정부 뭐함? 휴가감?
1,싸게 팔아봐라 중국꺼 안사지
1,중국을 욕하면서 중국쇼핑몰까지 가서 물건을 사네 ㅋㅋㅋ<br>중국산을 피할순 없지만 아무리 그래도 알리같은 중국쇼핑몰에서 구매까지 하는사람들은 ㅋㅋㅋㅋㅋㅋㅋㅋㅋ 그냥 소짱깨네
1,시진핑이 적극 권장하는 사기라는게 학계의 정설.
1,우리나라기업들 물건은 중국에서 만들어오면서도. 가격은 터무니없는가격 그러니 누가 국산을 살까<br>다만 국내산이면 높은가격은 인정하지만
1,왠만하면  알리익스프레스나    타오바오 나오는 제품등을 살때도  면밀히 따져보고서 사야지  <br>그렇치 않으면  손해 봅니다   여기에 나오는 제품을 보면   거의 한국산이나  미국 일본 유럽등에  유명메이커들<br>자체를  그대로 베껴서  만든 제품이 많은것도  있지만   한달도 못가고 고장나서  버리는 경우가 많아서 <br>왠만하면  안사는게 좋은거죠...
1,저리 싼데 진품을 팔거라 생각하는게 더 이상하지 않나 그냥 싼맛에 사는거라 쳐야지 중국 수입품들이 많아서 똑같은거 찾아보면 역시나 있고 싸기도해서 급한거 아님 주로 알리서 뒤져보고 사기도 하는데 요즘 알리도 가격 비슷할때 많아서 메리트 떨어질때도 많음
1,알리쓰는사람이해불가..
1,일단 취재가 잘못 됐습니다.<br>&#39;삼성&#39; 버즈2 프로가 아닙니다. &#39;삼선&#39; 버즈2 프로를 구매했기 때문에 짝퉁이 아닙니다.<br>8만원 정도에 판매하는 &quot;갤럭시 S23 울트라&quot;를 구매한게 아닙니다.<br>실제로 구매한건 &quot;갤럭시 울트라 S23&quot;입니다. &quot;갤럭시 울트라&quot; 이름을 가진 회사의 스마트폰을 산겁니다.<br>말이 어가 다르고 아가 다릅니다. 잘 못 보신 겁니다. 제대로 보고 구매해야합니다.
1,마동석...
1,저거유튜브에나왓음 알리익스프레스에대해서나왓는데배송비무료아님 한국우체국에서다내주는거임 중국만이득이구우리는손해임 알리익스프레스중국쇼핑몰불매운동합시다
1,"알리는 그냥 싼마이로 사는거지 ,<br>정품을 가격 후려치기 해서 팔지않는이상  그 쥐똥만한 가격이 나올수 없음"
1,중국인들은 수돗물까지 임신 시켜버리는 탈인간급의 경지에 도달했구나 ㄷㄷ
1,바퀴랑 빈대랑 서비스 넣어준다
1,"또 중공인댓글부대들 몰려와서 쉴드치는구나. 짝퉁, 불량품이 대부분이 저런 사이트는 법적으로 막아야한다."
1,중국 하는짓이 늘 그런데 뭐 그런데 알아서 판단하고 걸러내서 구매해야지
1,쿠팡도 심함
1,기업들이 수년간 수조 수천억 인력 자본 갈아 넣어서 기술 혁신 개발 RND에 집중해서 뼈를 깍는 결과물을 내놓으면 짱개 저것들은 산업 스파이 해커들만 양산해서 남의껏 훔쳐와서 카피캣만 양산해버림 도둑놈의 새끼들 아무튼 그니깐 평생 그렇게 그지같이 살지 ㅉㅉ
1,알리익스프레스 나  타오바오도   짝퉁상품만 파는  전형적인  싸이트이지만   <br>문제는  중국에 광둥성이나   베이징하고 상하이 근방  상가에  짝퉁품만   파는데가 있어서   이런사람들이<br>인터넷 싸이트에  물건을 올려서 파는 경우도 있다고 합니다..<br>전에  중국에서  올라오는 영상을 본적있는데   애플이나 삼성에  스마트폰 자체를   돈을 주고서  구매를 해서 <br>일일히 분해에서   짝퉁품을  전문적으로 만드는  기술자들이 있어서  이것을 그대로  베끼면서도  거기에 들어가는<br>부품 하고  겉모양 자체도  중국산부품에다  여러가지 부품으로 혼합해서    거의 비슷하게   만들면서도 <br>이런것을 제품화 해서  전세계 상대로  사업상으로 해서  팔아먹는다고 하네요..<br>그리고  일반적으로 알아주는   유명메이커들은 이런사람들한테는  돈이 되고 명품을 좋아하는 사람들이<br>비싸서  못사는것을   대리만족하기 위해서  중국에서도  사는 사람들이 꽤 있다고  하는것을  보면 <br>짝퉁품 만들어서  파는 산업자체가  중국에서는 일반화되었다고  바야 한다는 겁니다..//..
1,중국직구는 거르는게 답입니다..싸도 모조품이고 비싸도 모조품이에요~
1,버즈왜저리낌?
1,어떤 븅들이 저기서 사니 ㅋㅋ
1,⁰교수님 그렇게 끼면 노이즈 캔슬링 기능이 안되유
1,저 판매사이트가 막는다고? 전혀 아닐거다. 왜냐 저 사이트도 저런 짝퉁 불량품으로 먹고사는 사이트니까. 수만건중에 보여주기식으로 몇건이나 제재하겠지.
1,난 전화만 되면 되니까 저폰 사면 되겠네
1,알아서 잘 걸러보고..후기들 잘보고 사면 조금 나음;;
1,정품 맞냐고 물어보면 중국 정품이라고 답변함 ㅋㅋㅋㅋㅋㅋ
1,맨날 낚시 당하는 현실.  중국 애들은 사기가 머리에 박혀 있다.
1,주엇같은 품질 알고 사는거 아니엇어? 설마 진짜 정품을 최소마진으로 저렴하게 그것도 자국도 아니고 타국에 판다고?<br>ㅋㅋㅋㅋㅋㅋㅋㅋㅋㅋㅋㅋㅋㅋ
1,가격 차이가 많이 벌어져 있는 제품을 정품이라고 생각하고 사는 것 자체가 생각이 없는 듯...그냥 장난감이라고 생각하고 구매하시길...
1,사업 준비하면서 중국공장만 50개 돌아다녔는데 쇼룸에 다 지들상품인마냥 전시해놓고 있더라…ㅋㅋㅋㅋㅋㅋㅋㅋㅋㅋ
1,미안해 지구야...
1,중국직구 사이트에서 물건을 사는 사람들의 심리상태가 궁금하다. <br>가격이 그렇게 싸면 한번쯤은 의심해 볼수도 있을것인데~ 바보가 아닌이상~
1,MICRO SD 짝퉁을 중국인들이  한국의 대형 온라인 쇼핑몰에서  파는데<br>이상하리만큼 용량이 큰데 가격이 1만5천인가 해서  삿더니  내부 콘트롤러 조작  한거드만  32G 넘어가면 기록오류가 남 ㅋㅋ
1,알리는 배송받고 15일 넘어가면 반품환불 안되요.  15일 이전이라도 환불 받으려면 분쟁을 열어서 본인이 증명을 해야 하는데요. 제가 해보니까 판매자 위주 플랫폼이라서 받는것이 힘들더라구요. 얼마전에 스마트워치를 주문했는데 받아보니 시계줄만 들어서 환불요청했는데 판매자가 중국어로 뭐라 뭐라 썼더라구요. 그리곤 알리에서 환불 불가 받았어요. 이런거 다 알고 주문하세요. 그냥 복불복 게임 같아요
1,마동석이가 이딴 사이트 광고 하는거 보고 깜놀 했지
1,알리가 파는물품들 대금은 달러결제..공산당이 외화벌이 수단의 정점인 알리를 규제할까??미국의 규제에도 살아남은 이유..수단과 방법을 가리지않는다.
1,임테기 전청조가 쓰던거아녀?
1,사봤는데 완전 조잡스럽더라. 완전 속았다. 다시는 중국제픔 안산다.
1,누가 만5천원 사면서 정품과 같을거라 기대하면서 사겠습니까 솔직히 알리 리뷰만 잘 봐도 좋은거 많습니다 오히려 쿠팡에서 파는 제품중에 정품 가격으로 올려놓고 모조품 파는게 더 문제같은데요?
1,임신테스트기 임신인데 애기는 나오지 않습니다.
1,중공놈들 입국금지하고 조선족들 추방좀해라
1,저런건 중국사람도 안사는데...
1,알리제품 엉터리도 있지만 대부분 정상제품이다 가성비 엄청 좋음
1,알리 좋은데      싸다고. 막사지마
1,"사봤는데 절대 사지마세요,,,,메모리도,,,,완전히 꽝 입니다,,ㅋㅋㅋㅋ"
1,으휴 짱개 누가봐도 악의 국가.
1,알리가 뜨는 이유는 우리나라 쇼핑몰 사업자들이 너무 많은 이윤을 남겨서이지. 중국 원가가 1000원인 물건을 10000원에 팔고 그런걸 유튜브에 실력있는 마케팅이라 자랑하고 적정한 마진선에서 팔았음 좋겠음.
1,가격대가 비현실적이지만 워낙 국내판매가가 높은것도 한몫하는거죠.
1,내가 당장 이익이라고 막 사제끼면 나라 망하는거 시간문제다.
1,임신공격 많이 하겠네..
1,을리에서 구마한 대략 30건중 만족하는건 거의 없음 c타입 충전선도 얼마못가 고장 ㅠㅠ
1,중국의 임신테스터기는 수돗물도 임신시킨다
1,나도 중국이 싫지만 어떤 제품들은 가성비 갑이라서 자주 이용함. 근데 임신 테스터기는 정말 심했다. 근데 환불도 잘 해주던데
1,남현희가 이 뉴스를 싫어합니다
1,교수님 버즈끼시는게 신기하게 끼시네
1,"알리에서 정품 찾는게 정상은 아닌걸로 보입니다.<br>알리를 이용 하는 이유가 가성비 제품을 찾으려고 이용 하는거지<br>정품 찾으려면 알리는 들어 오지 마세요.<br>정품 찾으려고 들어 오는 사이트 아닙니다.<br>저의 경우 오래 전 부터 알리를 이용 해왔지만<br>저는 잘 이용 하면서 얼마 전에도 이용 하고 지금도 이용 하고 있습니다.<br>리뷰 참조 하며 구매 하니까 대체적으로 만족스러웠습니다.<br>짝퉁 제품을 파는건 문제가 있지만<br>품질 나쁜거 논하려면 한국에서도 품질 나쁜 제품 있습니다.<br>어느나라 가던 무조건 품질이 좋은게 아니라고 생각 됩니다.<br>그중에서 품질 좋은게 있는겁니다.<br>소비자들이 잘만 선택 하면 좋은게 알리 입니다.<br>알리, 타오바오 같은 오픈마켓 회사 같은거 없거나 몰랐으면 <br>가성비라는거 모르고 사셨을 분들 많으시겠네요.<br>알리 같은 회사가 있으니까 합리적인 소비를 할 수 있는 겁니다."
1,진짜 유튜브 광고에 나오는 옷 사지마라.  진짜 내가 당해봤다.  절대 사지마라. 보이는거랑 완전 다르다.
1,알리 싸지 않습니다.
1,^웰컴^이 또...
1,알리는 판매량보고 사야하는거 근데 나만 사용할꺼면 살게 많음 ㅋㅋㅋㅋㅋ<br>절대 타인한테 추천하면 안됨
1,사면 후회 쓰레기 그냥 버립니다
1,임신어택 ㅋㅋㅋ
1,알리는 쓰레기임
1,알리에선 전자제품은 사는게 아니다 사는게 ㅂㅅ이지
1,임테기는 리얼 소름이네 ;
1,ㅋㅋㅋㅋ 저런걸사는 국내 소비자가 있긴함? 알고 사는거 아님?
1,이거 괜히 악용되겠내. 나 임신했다규!! 바바 2줄이잔아 확인시켜줄게!!
1,알리에서 상품 몇번사서 불량품 몇번 당하면 그 다음부터는 못 산겠던데 그래도 싸다고 사는 건 아닌듯
1,알리는 국내에서 접속안되게 차단해라. 정부가 나설 일입니다.
1,ㄹㅇ 진심 자원낭비 근본 근데 애초에 저걸 사는 등x들이 문제점 진짜 세상물정 학습을 성인이 되서까지 못한걸 인증하는 셈
1,국내 제품도 중국 수준으로 조악하게 만들어서 저렴하게 팔면 되지 않을까...<br>조악하고 성능 후진 누가봐도 짝퉁인 싼 제품을 구입해서 우리 기업이 피해를 보고 있는게 어떻게 22억이라는 추산이 나왔는지는 모르겠으나...<br>품질이 좋은 제품을 비싸게 판매 하는것에 반대하는 사람은 아무도 없다.<br><br>품질이 조악한 제품을 비싸게 파는게 문제지...
1,알리쓰지마라쫌 ㅋ
1,ㅅㅍ 샤워 하면서 딸들 그만쳐라 수돗물에 정자가 얼마나 많으면 넣자마자 1분만에 임신을하냐
1,알리는 믿고 사는 곳이 아님
1,10-20대는 그런거 신경안씀. 전부 다 알리 쓴다.  정부도 일부러 방치하는 듯 ㅋㅋ
1,알리 중국이었어?ㅋㅋㅋㅋㅋ 어쩐지 물건이 오지도 않고 맘대로 취소하고 환불도 안한다 더라 ㅋㅋㅋㅋㅋㅋㅋㅋㅋㅋㅋㅋㅋㅋㅋㅋㅋㅋㅋㅋㅋㅋㅋㅋㅋㅋㅋ
1,임테기는 100% 사기용도로 사는거 아니냐 ㅋㅋㅋㅋㅋ
1,리뷰많은 제품 그리고 리뷰확인하고 사면 됨
1,저게 중국에  무서움이다  ㅋㅋ<br>막만들어 재낌
1,버즈2프로 만오천원 ㅋㅋㅋㅋ<br>그게 진짜가 올거라고 믿는 종자는 자연도태가 답이다
1,저걸 믿고사는 ㅂ신들 능지수준 셀프인증 ㅋㅋㅋ
1,리뷰보면 한국국적인데 외국인 얼굴이있고 배경도 외국배경같은 가정집이 보이고<br>한국사람이 쓰는 말투가 아닌 번역기!!! 이게 사기 리뷰임
1,"아무리 값이 싸도, 샤오미 같은 거 아니면 품질도 별로여서 못 믿는데... 뭐하러 직구함;;"
1,당근or 인터넷 쇼핑 정품 판매 아닌 판매점 조심 해야겠네 정품보다 조금 싸게 올리고 중국 짭퉁 팔 수도 있는거니...
1,알리 자체를 차단 시켜야됨
1,배송이 좀 늦어 지더라도<br>세관에서 좀 더 철저히 조사하자
1,저 임테기를 이용한 사기꾼들이 늘어나겠네
1,짝퉁몰에서 잘도 사는군아.
1,진짜 저나라는 인간도 짝퉁인것같아
1,리뷰 안보고 사니? ㅋㅋ
1,대단한 종자들이야
1,나라가 힘이 없으니 ㅉㅉ
1,14억 중국은 사기꾼 소굴이다. 중국이 없어져야 인류에게 이롭다.
1,코로나빼고 다 가짜인나라
1,전청조가 쏘아올린공
1,ㅋㅋ 한국은 중국게 뭐사잘나가면 태클검 탕후루도 알리도 그냥 편하게쓰는거지
1,안녕하십니까? 여러어분!
1,임신 안했는데 남자랑 잠자고 나 임신 했어 사기 치는년 생기 겠네
1,중국은 인류의 공공의 적이다 진짜 벌레만도 못한 최악의 민족이다.
1,중국쇼핑몰아 국내에 들어와도 보지도 말고 사지도 맙시다.
1,카피를 산다는 건 그지새끼들이 많다는거임.
1,"쓸만함 ㅋㅋㅋㅋㅋㅋㅋㅋㅋㅋㅋㅋㅋㅋ 안사봤음 말을하지마  누가 진짜라고 생각하고 사  저걸  머리없냐 ㅋㅋ<br>100번 넘게 구매했는데,,,, 배송문제는 있었지만  1번도 사기는 없었음 ,,,,"
1,현희야 잘 봐
1,ㅋㅋㅋ 전청조가. 이거 구입한거냐?
1,정부는 진짜 지재권 보호 안하냐? ㅋㅋ
1,알리 가성비 진짜 좋음. 여기 댓글창과 현실은 다름.
1,알리 초창기에는 반신반의로 삿음. 지금은 선주문후 한국 리뷰어들이  자국민을 보호하는 선 순환 시스템 돌아 가는 중 ㅎ
1,"<a href=""https://www.youtube.com/watch?v=HjLqiSADy_s&amp;t=0m38s"">0:38</a> 저거 이어폰 잘못낀거지?   ㅠㅠㅠ 우리엄마도 맨처음 무선이어폰 주니깐 저러던데"
1,신랑꺼로 했는데 2줄이야 ~~
1,또 중국? 사기꾼 나라?
1,변하면 그게 중국이냐  짝퉁이 어제 오늘 일도 아니고 그냥 싸면 무조건 사지마라 바보가 아닌 이상 싸고 좋은게 어디 있냐
1,아직도...짱깨를....믿나...?
1,가격이 만원인데 15만원짜리 성능을 바라면 그것이 더 이상한거 아님?
1,전청조가 이 영상을 좋아합니다
1,"김용석 교수  설정샷도 정상적인 착용을 하고 찍어야지, 밥숟가락 꺼구로 들고 밥먹는거와 같은거."
1,쭝국놈들도 저기 이용률 저조한데.. 이상하게 다른나라에서 더 이용률이 높아...... 요즘 저 사이트 마xx 이 광고 하던데..... 빠른 손절 하는게 좋을듯~
1,"국내 제품들....죄다 보면 메이드 인 차이나, 인도, 베트남, 파키스탄 인데...왜 가격은 드릅게 비싼지에 대해서도 한번 생각 해봐야 할듯"
1,온라인 제품들은 공홈에서 사는걸 추천함. 해외배송 어쩌구 하면서 싸게 판다고 속이는 네이버 스토어들 많으니 조심들 하시길
1,중국산을 사서 국내산으로 속여서 팔고있나????
1,썩을 시진핑
1,이젠 법을 바꾸려는 소비자들의 대규모적인 움직임이 있어야 합니다  책임지지 않으려는 쇼핑몰에 수천억대 피해보상을 물리는 실질적 움직임이 가능한 법체계가 있어야 합니다
1,중국에겐 무엇이든 보여주면 않됌<br>모양만 똑같이 만들어 피해를 줌
1,점점점 보청기 닮아가지요~
1,아니 ㅋ 저기서 진짜라고 사는게 더 이상하다 ㅋ
1,"알리에서는 만원 이하, <br>안전사고 위험 없는 것만 사야지...<br>한국 사람이 알리에서 휴대폰을 사는것이 비정상"
1,과연 한국만 그럴까?
1,수입 업자들을 강하게 처벌 해야한다...징역5년 이상과 벌금 1억이상 처벌해야 한다
1,알리에서 저딴 걸 왜 삼? ㅋㅋ<br>검증된 대륙의 실수 할인 맞춰 사야지
1,웬만하면 그들이랑 엮이지 않는게 정신건강에 이롭더라 ㅋ
1,교수님 40초쯤끼우신 버즈 인지 짝퉁인지 모르겠지만 잘못끼우셨는데요? 그렇게 끼우시고 소리가 제대로 들려요?????????미치겠다 제품 사용방법도 모르면서 방송사에서 시키는데로 말씀하시는게 참 답답합니다~저렇게끼우시면 소리도 안잘들리지만 귀에 끼워지지도 않는데요~
1,알리를 사용하는 사람들이 있네 ㅋㅋㅋㅋㅋㅋㅋㅋㅋㅋㅋ
1,남현희한테 준 임신테스트기가 저건가?
1,판매업자를 고발하든지 판매사이트를 막아야지 통관할때 정품수입한다고 신고하겠나? 판매사이트의 정품정보와 통관사이트를 연계해서 처리하든지... 구매자도 싼맛에 샀으니 어느정도 불량이나 반품은 감수하고  사겠지...
1,우리 기업이 피해보는 것도 있겠지만<br>그걸 이용해서 울나라 기업이 펀딩사이트에서 자기들이<br>개발한것처럼 팔더라<br>재밌는 세상 ㅋㅋㅋ
1,알리로 비싼거 사는거 아님...
1,"너무 싸면 의심해라,,자업자득"
1,경제위기다가온다
1,미친 중국인 한국망하게만들구 제품도 도용하구
1,요즘은 점점 조악하고 쓰레기같은 제품들 많음 계속 구입 실패하다 이제 끊었음 웬만하면 돈조금 더주고 <br>국내에서 구입하세요 일단 이것들은 교환 반품 안됨 이론적으로는 되지만
1,남현희도 저거썼나보다
1,임신테스터기 재밋네
1,이래서 여성들은 수돗물을 조심하셔야합니다 자칫 실수로 만지면 임신할 수도 있습니다
1,알리. 선전한 마동석. ㅠㅠ. 알리 사기 마동석 중국 틱톡. 알리. 푸😂
1,저거 수돗물 임신테스트기 어째 악용하기 좋아보이는건 기분탓인가?
1,난징 페스티벌 정의구현은<br>미래에 또 다시 일어난다 각오해라
1,임테기 저거 사서 사기 많이 치겠네 ㅋㅋㅋ
1,동석이형 알리광고 그만해. 이미지 깍인다!
1,"저게 하루 이틀이냐?  20년 전에도 더 심했다., 그럼에도 대책이 없으니 ㅉㅉㅉ  그걸로 돈 다 벌어갔잖아"
1,전청조가 저 임신테스트기로 남현희속였나보다
1,수돗물도 임신하네
1,알리고뭐고 중국쇼핑 플렛폼것은 다 일회성 싼마이 제품들이다.<br>오히려 사서 애기다루듯이한다 비싼것도 아닌데 여차하면 바로 쓰레기통이라 사용도 못해 고이 모셔둬야지<br>그게 중국산이야!
1,가격은 놀랍도록 저렴하지만 품질은 무서울정도로 조악하다. 그러나 쓸만하게 있다는게 함정…
1,알리제품 10개 사면 30%정도는 불량이고 70% 이상이 못 쓸 물건이며 쓸만한 제품은 극히 몇개 되지 않는다. 미배송제품이나 고장난 제품 환불 못받고 돈만 날린 경험 다들 있을 것. 어지간 하면 중국쇼핑몰은 이용 안하는게 정신건강에 좋다는 사실.
1,알리를 이용 하려면 저런건 잘 걸러서 사야지
1,"알리익스프레스 한국사이트에 접속이 안되도록 해라. 우리꺼는 중국에 메신저고, 게임(판호발급안함), 쇼핑몰도 안된다."
1,싼개 비지떡이다 인터넷에서 시키지말고 의약품이나 전자 기기살때는 대도록이면 매장가서 사자 비싸더라도
1,일찍이들 많이 쓰라고 해라
1,구매하는 사람이 바보지
1,중국가발 싸고 좋아보여서 직구했다가 인형머리카락이 와서 바로 쓰레기통
1,ㅋㅋㅋㅋㅋㅋㅋㅋㅋㅋㅋㅋㅋㅋㅋㅋㅋㅋㅋㅋㅋㅋㅋㅋㅋㅋㅋㅋㅋㅋㅋㅋㅋㅋㅋㅋㅋㅋㅋㅋㅋㅋㅋㅋㅋㅋㅋㅋㅋㅋㅋㅋㅋㅋㅋㅋㅋㅋㅋㅋㅋㅋㅋㅋㅋㅋㅋㅋㅋㅋㅋㅋㅋㅋㅋㅋㅋㅋㅋㅋㅋㅋㅋㅋㅋㅋㅋㅋㅋㅋㅋㅋㅋㅋㅋㅋㅋㅋㅋㅋㅋㅋㅋㅋㅋㅋㅋㅋㅋㅋㅋㅋㅋㅋㅋㅋㅋㅋㅋㅋㅋㅋㅋㅋㅋㅋㅋㅋㅋㅋㅋㅋㅋㅋㅋㅋㅋㅋㅋㅋㅋㅋㅋㅋㅋㅋㅋㅋㅋㅋㅋㅋㅋㅋㅋㅋㅋㅋㅋㅋㅋㅋㅋㅋㅋㅋㅋㅋㅋㅋㅋㅋㅋㅋㅋㅋㅋㅋㅋㅋㅋㅋㅋㅋㅋㅋㅋㅋㅋㅋㅋㅋㅋㅋㅋㅋㅋㅋㅋㅋㅋㅋㅋㅋㅋㅋㅋㅋㅋㅋㅋㅋㅋㅋㅋㅋㅋㅋㅋㅋㅋㅋㅋㅋㅋㅋㅋㅋㅋㅋㅋㅋㅋㅋㅋㅋㅋㅋㅋㅋㅋㅋㅋㅋㅋㅋㅋㅋㅋ
1,숫컷이 필요없이 임신이 가능한 종자덜😂😂😂
1,개인정보 훔칠려고<br>저러는겁니다
1,중국을 혐오하면서 싼 맛에 중국 물건을 구매하고 사기 당하고.........또 혐오하고 또 사고....희한한 나라.
