1,"탄수화물, 당 -&gt; 쓰고 남은 게 지방으로 변환 / 이게 핵심인데, 계속 칼로리나 먹는 지방을 강조하는 건 포인트가 살짝 어긋난 접근"
1,"맛있게 드시는 게 행복해 보이긴 하지만, 절대적으로 드시는 양이 너무 많아 보이긴 합니다....입맛의 즐거움을 그대로 누리는 건 우리 몸의 시스템과 맞지 않더군요......."
1,식욕 촉진 방송이다.....와.......밤에 배고프다....
1,살찌는데는 다 이유가 있다 몸은 거잦말을 하지<br>않는다 본인이 너무나<br>잘알고있다 지키지 못할쁜 이다
1,보디빌더들 벌크업할때 먹는 식단이 저정도 칼로린데
1,저런 여자 안 만나야지 으..
1,당뇨만없다면 저렇게먹어도될듯 난당뇨있어서저렇게먹고싶어도못먹음
1,아 너무좋아 이런거.
1,근데 야식 과식 문제 이전에 건강한 식단이 되어야 할 것 같아요 다 밀가루에 심하게 달고 자극적이고 고기도 너무 많고.. 야식 과식 습관이 고치기 힘들다면 식사 메뉴라도 바꾸면 훨씬 나아질듯요 밥을 기본으로 해서 야채 훨씬 많이 드시기만 해도 훨씬 나아질 것 같습니다.. 쥬스도 액상과당 엄청나고 디저트류도 설탕 엄청 많이 들어가는데 한번에.. 게다가 저런 메뉴들이 하루에 한번만 먹어도 안 좋은데 하루에 몇번씩이나 드시다니… 그리고 가족과의 행복한 시간은 꼭 식사로 이루어지는 것만은 아니니까요 아니면 그 시간에 차를 마시면서 대화하는 것이 좋을 것 같네요..
1,행복한것을 느끼는게 좋긴좋다만 자식이 운동선수라는데 자제를 좀 하던가 몰래먹던가 ㅡ ㅡ 역시 야구는 몸관리가 필요없는 운동 ㅋ
1,파김치ㅜㅜ
1,저 체중이 될때까지 계속 옷이 안맞아서 새로사고 또 사고 하는동안 어떤 경각심이 안들었을까?<br>제대후부터 쭉 30입다가 40대에 바지 32인치 사면서 충격먹고 다이어트해서 여전히 30입는 나는 도저히 이해가 안감.
1,어머님 경제적으로 여유 있어보이시고 성격도 좋아보이시고 아들도 효자로 보이고 행복해보이시네요ㅋㅋㅋ
1,"식탐을 못이기는 사람들 특징: 라면, 햄, 치킨, 달달한 간식, 가공 식품에 쉽게 무너짐. 그리고 허기지는 걸 못참음."
1,와 맛있겠다
1,처먹다 뒈지겠네
1,저렇게 먹을 수 있을만큼 위가 튼튼하다니 부럽다ㅜ난 소화기관이 약해서 많이 먹고싶어도 못먹음...
1,야식먹으면서 보는중❤
1,되게 유쾌하시고 좋은 에너지가 나오시는듯 ㅋㅋㅋ 재밋게 봤어요!
1,나이먹고 식탐부리는게 제일 보기싫음.<br>살아온 날이 얼만데.. 그깟 식욕하나 자제못하다니...
1,그냥 먹고행복하게살자
1,같이모여 먹는것도 즐거움이라지만... 오래살아야 그즐거움도 오래 누릴수 있는것입니다...
1,"난 살 안찌는 체질인데 개인적으로 고기보다 채소를 좋아함<br>그리고 소식하고, 식간에 뭘 안먹음"
1,살찔것만  드시네요 ㅠㅠ
1,다들 너무 먹잘알이야 ㅠㅠ 넘 꿀조합이다 진짜
1,치킨 시켰는데 너무 안와서 치킨집에 전화했더니 배달 잘못간거임.. 너무 화가나서 생로병사 먹방보면서 힐링중😂
1,의지없는 어른들 먹는것도 조절못하는 걸신들 추잡스럽다.
1,먹고싶은거 맘껏먹고.살안찌고 건강하면.얼마나좋을까? 먹는게.저렇게 행복한데 맛있게먹는 법을아는데.ㅠ.ㅠ
1,와 먹방 맛있네
1,나의 5일분 식사량을 이 분은 하루에 드시네
1,행복하면됫찌머 짧은인생 행복하게 살자 내마인드임 병들어 가족들한테 의존마안하면 베스트지
1,여자 어지간히 잘 쳐먹게 생겼네
1,혈당이 저렇게 올라가는걸 보더라도 희얼을 느끼시는 대단한분 ㅋㅋㅋㅋㅋㅋㅋㅋㅋㅋ앞으로 더 드시겠군요
1,정신병 수준이시네 ㄷㄷㄷㄷ
1,근데 돈도 잘버네 식비도 많이 들것구만
1,내 몸에반이 지방이라니!!!!하고 바로 감자고로케 하고 도넛을 ㅎㅎㅎ 심선생님ㅎㅎㅎ
1,조회수 왜케많음?
1,그동안 생로병사 비만 질병과 관련해 나오시는 분들이 야식이나 과식하는 거 보면 좀 심하다 싶고 보기 좀 그랬는데 이번 펀 나오시는 가족들은 넘 맛있게 드시고 행복해 보여서 ”생로병사“ 같지 않고 “이게 사는 재미” 뭐 이런 프로그램명에 어울릴만한 분들 같아요. ㅎㅎ 그래도 식사양이 좀 많으신거 같으니 그것만 줄이시고 행복하게 사세요. 가족분들 모두 건강하세요.
1,먹방보러 왔슴다~
1,이분 영상보면 기분이 좋아져요 ㅎㅎ
1,탄수화물을 너무 드시네 ㅜㅜ
1,이거 과식 위험하다는 방송 맞죠? 근데 저렇게 맛나게 먹는 분 섭외하면 어떡함? 게다가 유쾌하고 건강해보임ㅋㅋㅋㅋㅋ
1,저런아줌마는 애초에 크게 날씬했던 적이 없엇을걸요
1,결과는 돼지됌ㅋㅋ
1,근데 너무 행복해보임 ㅎㅎㅎ
1,살도 살이지만<br>건강이 걱정돼네
1,건강하게 맛있게 드시길
1,"<a href=""https://www.youtube.com/watch?v=ydAmc-oKzgM&amp;t=4m13s"">4:13</a>"
1,살찌기 시작하는게 이미 대사증후군 시작된것임
1,자기 혈당 보면서 저렇게 웃고 남얘기 하듯 하는거 보면 정말 긍정적이시다.....
1,진짜 잘드신다 유튜버해보시는게ㅋㅋㅣㅣ
1,당뇨걸린다
1,"쭉 마른듯 살다 매직이 슬슬 불규칙, 미친듯 식욕 증가, 평생에 못느끼던 음식 집착, 잠을 자도 생각남.. 55kg 넘으면 도저히 제어 안될 것 같아 음식 참고 운동해서 간신히 5kg감량 ㅠㅠ 앞으로도 찔까 걱정임 ㅠㅠ"
1,일을 하는건지 먹으면서 쉬는건지 알수 없네
1,박사님도 몸이 좋아지셨네요``
1,아이고 고만좀 드소 아지매
1,어느 순간부터 먹방이 아닌 생로병사를 검색하고 있다. 내 리얼 밥친구.
1,먹잘알
1,와 칼로리보니까 야식참게됨....
1,저걸 다 먹는다는게  신기하네요....
1,와 아줌마 많이먹네ㅋㅋ
1,구김살도 없고 너무 행복해 보여서 보기좋네요 ㅋㅋㅋㅋㅋ
1,쥬스에 빵인데도 30분후혈당154면 췌장 진짜탄탄하신듯 당뇨인들 250우습게 넘을걸
1,디른 재미를 찾아야지 먹을거에서 재미를 찾으면 머지않아 병실로 들어간다요
1,ㅋㅋㅋㅋㅋㅋㅋㅋ 경각심을 일깨워주기 위한 취지였지만 우린 군침만 더 돌게 되었다
1,군침돈다. 배운 분.. 맛있게드시고 건강하시길❤❤
1,많이도 처먹내
1,심선생님 엄청 여유도 있으시고 능력있으신 분인가보네 뭔가 느낌이...
1,너무 맛있게 잘드시고 행복하고 건강하신것 같아서 보는 내내 대리만족됐어요
1,"<a href=""https://www.youtube.com/watch?v=ydAmc-oKzgM&amp;t=03m08s"">03:08</a> 지능이 낮거나 양심이 없네 저렇게 양도 엄청나게 먹고 <br>군것질 미친듯 먹어대고도 문제가 없으려면 역도국대나 수영국대쯤 운동해야 저런말이라도 하지"
1,적당히 살고 가는것도 복
1,아주머니가 매우 해맑게 드시네
1,뭐든 소화를 못시키면 몸에 하자가잇는거다!!!음식도 그렇고 자기가 소화 가능하니깐 먹는거지 술도마찬가지인듯 먹고 토하면 나약한 인간인거다 그걸 소화하고 해장까지 한거면 버텨낼수있는 몸인거지~~
1,몸무게에 비해 덩치가 있어서 그런지 별로 안쪄보이네
1,드시는 양에 비하면 날씬하시네
1,ㅡㅡ나도 밥한공기 이상 먹는데..
1,너무 드시네
1,"입에다  음식을   쑤셔넣네,ㅋㅋㅋ"
1,에고 그 행복 챙기다 건강하지 못한 식습관도 자식에게 유전으로 물려 줍니다 그렇게 먹고 건강하길 바라면 몸에 대한 예의가 아니지요 더 늦기전에 관라하세요~~
1,백킬로 넘기고도 저렇게 해맑게 웃으며 고열량식&amp;야식 즐기실수 있을지 추적 영상 계속 보고싶네요.
1,야식 칼로리 왜 저따구로 계산하냐 ㅋㅋ 한명이 저거 다먹었냐?
1,맛있게 즐겁게 살다가 대충 칠팔십년 정도 살다 죽으면 되지 괜히 민감하게 관리하고 절제할 필요 없다.
1,성격 너무 호탕하시고 좋으시다... 같이 먹방하고 싶어~ ❤
1,어머님 성격 너무 좋아보이심 ㅋㅋ 먹는 거에 비해서 살도 안 찌신 것 같은데
1,저분 볼 때마다 느끼는건데 진짜 맛있게 드신다
1,그런데 체질이 많이 먹어도 살 안찌고 건강한 태생을 가진분들이 있음... 부럽...
1,맛잘알 생로병사...
1,"심선생님 너무 귀여우심ㅋㅋㅋ 아침으로 우동ㅋㅋㅋㅋㅋㅋㅋ 그리고 치즈케잌, 하나만드시진 않음"
1,저분 저대로  조금더 지나면 신장투석 100%  해야함
1,체중이 올라가면 혈압이 오름 혈압이 오르면 신장사구체가 터져버림 즉 노폐물을 거르지 못함 노폐물을 거르지 못하면 간에 부담이 와서 간경화가 진행됨  증상이 나타나기 시작하면 늦음<br>정상체중 조절은 반드시 필요함
1,&#39;파김치를 착~ 얹어서 먹으면 꿀조합이에요&#39; 이 부분은 포항 물회 아저씨의 물회에 찬밥 말아서 후루룩 하는 장면과 필적하는 진짜 먹방의 레전드인거 같다
1,심여사님 드시는거 주기적으로 <br>보러오고있습니다<br><br>왠만한 먹방 유튜브영상 다바르는듯<br>먹방 유튜버하심 떡상하실듯
1,앗 이런!! 😅
1,아지매 일부러 미련해보이려고 이러고 나오는 거냐...<br>아들도 얼굴에 성인여드름 봐라ㅋㅋㅋ<br>장기에 쉴 시간을 좀 줘야지
1,먹방프로인가요?
1,과소비를 조장하는 이런 방송은 쫌 아니네요.
1,재력이 있는들 저렇게 계속 먹다가 건강 잃으면 다 무슨 소용이지...
1,"고로케, 빵 오렌지주스 ㅡㅡ"
1,역시 쇼파 앞 바닥에 앉는게 국룰
1,어쩌면 모든걸 다갖추시고 이루셔서  다른 자극적인음식에서 행복쾌락을 느끼는걸수도.. 중년이시면 더욱더그렇지.. 어머니 운동도 꼭병행하시구 횟수좀 줄이셔서 아들 분과 행복하시길~!!
1,인생사 정답이  있겠는가
1,뭐고 왜이리 행복해보이냐 ㅎㅎ
1,하.. 엽떡세트 먹고 왓는데..
1,식욕자극영상
1,잘처먹네 돼지도 아니고ㅎ
1,어우 저거 치킨뭐지 맵술랭인가
1,말로는 못이기겠다 이분
1,생로먹방의 비밀
1,"야식 끊고 탄소화물을 끊은채 고기와 야채만 먹고있다. 15일째인데 7키로가 빠졌고, 170넘던 혈압은 130이하로 낮아졌으며, 아내말론 코고는 소리마져 아주 작아졌다고한다. 비로소난 돼지의 삶이 아닌 인간의 삶을 살고있다. 앞으로 15일더 이렇게 지내면 수십년전 20살의 내 몸무게로 돌아간다."
1,와 근데 진짜 잘드심..ㅋㅋㅋㅋ 맛잘알 그 자체십니다!! 그치만 너무 많이 드시는 ㅠㅠ
1,왜케 더럽게 보이지?ㅜㅜ
1,한끼 권장량이 550?<br>나레이터 네 기준이냐?<br>모두 너처럼 먹진 않아<br>최소 600~800은 먹어야지
1,혈당 끌어올려 나이샤~
1,맛잘알이심.....맛잇러보인다...
1,진심 식욕이 있으신 분이네요<br>저분 보니 저도 없던 입맛이 도네😅
1,와짜파게티에 소고기 파김치 맛잘알 미쳣다 침고여
1,이제 야식 안 먹어요 ㅠㅠ
1,와 당수치 고점인데 코인떡상한것처럼 좋아하는모습 좋네연^^
1,이영자 박나래 면치기 오바육갑떠는거보다 생로병사 먹방이 찐이다
1,치킨 비쥬얼만봐도 <br>브랜드랑 이름을 맞춰버리는 내가 싫다...
1,아들 분이랑 환상의 궁합 ㅋㅋㅋㅋㅋ<br>너무 행복해보이심~~!!!
1,먹을때는좋지<br>큰병오면골치아프지<br>누구는먹을줄몰라서 안먹나.
1,시작부터 먹잘알 느껴졌음ㅋ ㅋㅋㅋㅋㅋ
1,짜파게티 씹지도 않고<br>무조건 입으로 한번에..<br>심히 걱정된다
1,답답하다.
1,아따 어머님 먹을 줄 아시네 ㅋㅋㅋㅋ 건강하세요 ~~
1,짜파게티 끓여야겠다
1,아주머니 <br>맞잘알이네 ㅋㅋㅋ
1,저걸먹고 소화가 되나  왜 아들이 게속 밥상차리는데 ㅋㅋㅋ
1,그 와중에 콜라는 제로칼로리로 깨알같이 챙기네<br>의미있냐?
1,식탐.식욕이 있는 사람들 보면.. 못나보임..ㅜㅜㅈㅅ
1,지금  앉아서  보는 내 뱃살 두께는  3cm   ...   씨부렝  ㅎ
1,그러니 그등치 유지하죠..<br>참고로 남편분은 짜부대니 조심..
1,세상에나 아주머니가 뭘 그리 많이 드시나요?<br>끔찍하네
1,와~잘 드시긴하네요.<br>우리집은 4식구가 치킨 한마리를 시켜도 남는데..콜라도 남고..ㅎㅎ다음날 식은치킨을 버리기 아까워서 잘 안시켜먹음..
1,너무 맛있게 드신다 배고파 ㅠ
1,이러면 안되긴 한데 어머니가 되게 귀여우시네 ㅋㅋㅋㅋㅋㅋㅋㅋ
1,저렇게 억제하고 조절하지 않으면 당연한 결과라봄<br>관리 열씨미 한다해도 잘 안되는데..
1,아니궁금한게 혈당을 저렇게 젤수가있나요 폰으로??
1,역시 생로병사 먹방 최고 !!!
1,너무너무 행복해 보이셔요 그래서 많이 마음껏 드셔도 늘 건강하셨음 좋겠어요♥️
1,드시는 거에 비하면 그닥 뚱뚱해 보이지는 않는데...
1,의사님 조용히 해주세요
1,역시 과식하는사람들은 본인이 과식하는지 몰라..
1,마니드시긴 허는데...맛잇게도 드시네(^_^)
1,굵고 짧게...살다가
1,한끼 많은양을먹으면 어떻게되는지 말해주는줄알았잖아. 존나쓸데없는 내용
1,ㅋㅋㅋ에휴
1,다들 좋은말밖에 안하지만 현실은 저렇게 살면 결말은 정해져있음
1,완전 먹잘알이시네..
1,최고의 먹방어머니^^ 너무 행복해보이시고 건강하고 오래오래 행복하게 사세요
1,먹을 줄 아시는 분이시네~ 고마워요~
1,그래두 행복한 가정 같아서 부럽습니다 ^^<br>먹는 모습도 보기 좋네요..
1,너무 많이 먹는건 미련스러워 보임
1,"와... 너무 맛있게 드시네요<br><br>요즘 음식하는것도 구찮고 먹는것도 구찮았는데,  침 고였어요."
1,시궁창 찌꺼기  네~~~~
1,세상에...😮
1,소소한 행복이... 나중에 응급실이나 중환자실에서 대대한 불행으로 나타날수도 있시유. 쓰러지믄 못일어나유
1,저게 행복이야
1,식탐이 엄청 많이보임 먹는게 급해
1,그…부럽다…
1,와 나도 저정도로 먹는데.. 저정도가 5000칼로리라니….. 미쳤다
1,다 배우신분들ㄷㄷ
1,맛있겠다
1,일주일에 하루는 먹고싶은거 원없이 먹고 일주일에 하루는 물만먹으면서 굶으면 괜찮은거같더라
1,저도 저렇게 쳐먹다가 8개월 동안 웨이트 1시간 이상 유산소3km씩 주에 5~6회씩해서 지금은 20키로 이상 뺏습니다..개힘들었
1,피 안내고 혈당을 체크하시네
1,"명상을 한번 해보세요 명상음악이 밤에 잠을 잘 자게 도와주어  다이어트에도 도움이 된다고 합니다 <a href=""https://www.youtube.com/watch?v=434RZRa-coM"">https://www.youtube.com/watch?v=434RZRa-coM</a>"
1,"먹는 거 행복하고 좋은데 3040에 과체중이면 몸에 이상 신호가 오는 걸 조금씩 느낌. 그래서 살 빼는.... 어제 못 먹은 야식 치킨 생각나면 그냥 오늘 점심으로 드세요... 야식은 최대한 줄이는 게 이롭습니다. 안 먹으라는 거 아님. 야금야금 먹는 소확행, 자기 2,3시간 전에 먹는 야식만이라도 줄이면 확실히 건강이 좋아여..."
1,아니 왤케 맛있게 드셔ㅜㅜㅜ 복스럽게 드신당❤❤
1,이렇게 먹어도 오래 살사람은 오래 살더라 먹는거는 솔직히 어쩔수 없음 점점 맛있는 음식이 나오는데 절제는 솔직히 절 가서 스님이 되야 가능함
1,적당히 먹어야지 짜파게티를 두개를 끓여서 먹는데 김밥에다 고기에다 그거도 모자라서 간식? 그게 넘어가나
1,남의 인생 이래라 저래라 하지말고 자기인생이나 잘 삽시다
1,저게 행복이지뭐 ~~ 😂
1,왜 내가 봐야되는 건 보기 귀찮지 ㅠㅠ 아 보기 귀찮아
1,뒤룩뒤룩 저리 쩠는데도 계속 처먹네에지간히 처먹어라
1,근데.. 어머니 삶이 너무 부럽다 ㅋㅋㅋㅋㅋ 저렇게 살고 싶고 늙고 싶다
1,키야..조합뭐냐  고기 라면 파김치
1,아짐 곧 뒤지겄네 육개장 삼고빔😊
1,방송때메 그런지 몰라도 복스럽게 드시네 아지메
1,ㄹㅇㅋㅋ 먹방 개꿀잼이다 진짜
1,어지간한 먹방보다 훨씬 낫다 ㅎㅎ
1,잘먹고 건강하면 좋죠....
1,조선시대 사람들도 야식먹음
1,애미가 저러니 ㅉㅉ
1,배고픈데 이거보고 라면끓이기로 했다
1,생로병사 먹방이 최고야
1,어디 치킨이에요?정보 좀
1,징글징글 하게 재탕 삼탕 드럽게 우려낸다
1,시작부터 파김치에 짜파게티면  어캐참는데 아 ㅋㅋ
1,이거보고 마음을 바로잡기 위해 부대찌개 시켯습니다 감사합니다
1,어렸을땐 간식을 먹어도 소화가 잘되니 배고픔을 느꼈는데 나이들어서는 소화가 잘안되니  배고픔을 못느끼는듯
1,당뇨병에 뇌병변 올듯...
1,컴퓨터 야무지노 ㅋㅋ
1,맵슐랭 매출은 이 영상이 어느정도 높여줬을듯
1,천천히 드시면 포만감을 느끼면서 덜 먹을 수 있어요.
1,게걸스럽게 먹는걸 다른 사람들은 복스럽게 먹는다는데... 막상 같이 식사하면 쩝쩝대는 소리에 밥맛 떨어짐...
1,이시발 저정도안먹고어떻게살아
1,쥬스는 설탕덩어리  즐기면서 먹으니 다행이네요
1,나이들면  음식을 좀 생각해서 먹게되던데 ~~<br>음식 앞에서 이성을 잃치말길
1,어디서 봤더라 생로병사의 비밀은 먹방이라고 그랬는데<br>맞는것같다
1,그런식으로 먹는데도 십몇년동안 한해에 3~4키로정도씩이면 나름 적게씩 찐거아닌가?
1,혈당이올라갔는데 웃네 ㅋㅋ개웃김
1,병원에서 충격적인말을해도 그래도 처먹네 ㅋㅋㅋ
1,음식을 클로즈업하고 효과까지 넣어서 욀캐 맛있어보이게 찍어ㅋㅋㅋ
1,맛있겠다... 행복해 보여
1,아 식단 관리하고있는데 너무 맛있게먹으니까 돌겠다<br>대리만족해야지..
1,하루에 5666칼로리?? 와...저게 가능하구나 저럴수가있나 살 ㅈㄴ찌겠다
1,블루베리빵 정보좀요..
1,야식 끊고 8키로 빠짐.
1,저랑 동갑인데.. <br>나는 먹고싶은대로 먹는 즐거움은 포기하고 충분히 먹되 몸에 안좋은건 절제하며 살다보니 외모상으론 30대후반으로 봐주긴 하지만 늘 스트레스가 있는건 사실이라.. 먹고싶은거 걱정없이 먹으며 스트레스 없어보이는 저분이 부럽기도 하네요
1,치킨 어디꺼임?
1,"<a href=""https://www.youtube.com/watch?v=ydAmc-oKzgM&amp;t=3m17s"">3:17</a> 아니 무슨 초딩도 아니고..ㅜ"
1,크 의사 선생님의 검사 브리핑으로 충격 먹고 바로 고로케 먹는 연출 보여주는 숙인씨!! 근본
1,야식은 일주일에 한번씩만 드세용
1,"<a href=""https://www.youtube.com/watch?v=ydAmc-oKzgM&amp;t=1m12s"">1:12</a> 으 ,,"
1,맛잘알이시네
1,연세 대비 소화력이 좋으신데? 서른 중반쯤되면 서서히 소화력이 딸려서 저렇게 먹으면 눈이 안떠짐..
1,오래 살아 뭐하냐 우린 죽을때 까지 세금내는 노예들 일 뿐
1,군침이 쏵 도네😛<br>역시 최고의 먹방프로 ㅋ
1,원조 먹방 ㅜㅜ
1,진짜 저게 위통으로 다들어가는게 신기하네
1,저렇게 돼지같이 처먹는데 건강하길 바란다는 것이 오히려 이상하지 않나.
1,이 아줌마 개웃기네 ㅋ 검사받을때 남 이야기 하듯 놀라고<br>다음날 언제 그랬냐듯 간식 엄청먹고 ㅋㅋ
1,오픈급 식단이노 5000칼로리 ㄷㄷ
1,먹고 싶은거 어느때나 먹고 행복해보임
1,2/3줄여서 맛있게드시고 운동만하셔도 좋을꺼같습니다
1,살좀 찌면 어떻노  하루하루 스트레스 받는거보다 하루하루  행복하게 사는게 낫지  살로 인해  건강이  안좋더라도  본인이 행복하다면  그만임
1,자담치킨이다....
1,아 블루베리크림빵 어디껀지너무궁금하다
1,이거 보고 아구찜 지금 시킴 새벽 1시30분이다
1,바로 치킨시켰다
1,요즘 식욕이 떨어져서 보러왔어요
1,저렇게 잘 드시는 분들은 다이어트 진짜 힘들겠다..
1,저 정도 드시는분들은 굳이 검사 안해도 심각한건 알지 않을까요~?<br><br>건강이 최고 입니다~
1,건강에 나쁘고 일찍 죽어도 저렇게 사는 게 좋으면 걍 저렇게 사는 거지.
1,"<a href=""https://www.youtube.com/watch?v=ydAmc-oKzgM&amp;t=1m51s"">1:51</a> 신랑이 아니라 남편이겠지"
1,역겹다
1,근데 정말 엄청 행복해보이신다.....ㅋㅋㅋ ㅠㅠ
1,충격적이라면서 또 먹는 장면 나오네 ㅋㅋㅋ 편집보소
1,"난 야식에 대한 부정적인 생각이 너무 강하게 박혀 있는거같음.. 그 한 번으로 인한 후폭풍.다음날 후회할 일을 스스로 만드는 것도 싫고. 내일 후회할 바엔 야식을 안 먹는게 나에겐 그게 더 행복임.<br><br>그래서 나한테 야식이란 당연히 안 먹어야 하는거고, 그게 맞는거고, 진짜 어쩔수없는 상황이 아니고서는 절대로 안먹음. 근데 사실 어쩔 수 없는 상황이 생기지 않는 사람이라.. 저녁먹고나선 진심 물이나 커피밖에 안먹음. 정말 늦으면 8시 반에는 저녁식사 끝내는듯."
1,어후 ..  사람마다 행복의 기준이 다르니까 당연하겟지만 난 야식을 기다리는게 행복하다는게 이해가 전혀 가질않는다. 좋은건 그 순간이고 나중엔 진짜 병이 생기고 그러면 후회스럽고 힘들어질텐데.  왜 미래를 희생하는 행복을 쫓는건지 모르겟음.  그게 진짜 행복인가? 단순한 뇌의 착각아닌가. 잘못된 행복으로 이끄는 뇌의 착각.
1,생로먹방의 비밀
1,인디언이 될것인가 세계인이 될것인가 ‼️<br><br>(임나일본부설/박통탄핵의 찐내막 등)<br><br>유튭 비타민티비 (김정민박사)👍🇰🇷
1,옷벗고 거울 보면 현타올텐데....
1,해물 생선드세요 소뇌기근
1,이 아줌마 조망간이네
1,야식먹으면서 보는 생로병사 ㅠㅠ
1,진짜 뒤지게 맛있게 찍네ㅋㅋㅋㅋㅋ
1,드시는데 너무 행복해보이시는데요..
1,조회수 500만 넘는거 실화냐ㅋㅋㅋㅋㅋㅋㅋㅋㅋㅋㅋ
1,적당히 먹자
1,맛있게 행복하게 드시네요 보기 좋음
1,뭐야 짜파게티+고기+꼬마김밥+파김치 조합 미쳤다.. ㄹㅇ먹잘알 우리엄마입맛이 저랬으면ㅜㅠㅠㅜ
1,유툽  먹방 으로..셔도<br>대박 나실듯 ~^^
1,쯔양   먹보스   쭈엽님은 ?
1,"역대최고식탐, 최고식욕이다😢"
1,와… 짜파게티에 파김치 조합은 못참지 ㅠㅠ
1,ㅋㅋㅋㅋ 귀여우신뎈ㅋㅋㅋ
1,근데 드시는 거에 비해 많이 안 찌신듯
1,이럴려고 만든방송이 아닌뎈ㅋㅋㅋㄱㅋㅋㅋㅋㅋ먹방되버림
1,근데 ㄹㅇ 맛잘알임ㅋㅋㅋㅋㅋㅋㅋ 꿀조합만 찾아서 먹네 ㄹㅇ로
1,그만 좀 쳐먹어라....에혀.....인간인지 사육되는 동물인지...
1,"<a href=""https://www.youtube.com/watch?v=ydAmc-oKzgM&amp;t=4m46s"">4:46</a> 내몸의 반이 지방이라니 이어지는 감자고로케 도넛을 야무지게 잡수시는 우리의 심여사님!!!!리스펙❤"
1,"현재 시간 <a href=""https://www.youtube.com/watch?v=ydAmc-oKzgM&amp;t=02m50s"">02:50</a> 넘 배 고프네요."
1,행복한 일상 속에서 큰병이 오는 이유 거의 다 음식 때문이구만
1,근돼이면 나쁘지않은듯?
1,먹는 유혹은 젤 끊기 힘든게 현실 ㅠㅠ<br>넘 맛있어 보인다
1,이거 주작아님? 저나이에 밤늦게 저렇게 먹으면 속다망가지고 소화안되고 위가 아프지않나 ㄷㄷㄷ
1,와씨 짜파게티에 고기에 파김치라니 진짜 배우신분
1,우리나라가 다이어트에 자기관리하기 힘든 나라죠^^ 배달시키면 맛있는게 넘많아서 😢
1,너무 행복한 표정이다
1,역시는 역시다...<br>원인 없는 돼지는 없다ㅋㅋ
1,"유일한 해결책은~~<br>우리가 어릴적 본 공상과학만화처럼<br>캡슐 알약 한알로<br>식사와 영양과 배고픔이 해결되는<br>미래식품이 나와야 된다,<br>그러면  노벨의학상.평화상 석권이다,<br>ㅋㅋㅋ"
1,혈당스파이크 ㅋㅋㅋㅋ 당뇨병 걸린사람보면 그래도 건강은 챙겨야함...
1,제로 탄산 극혐..<br>보통 당류 죄책감 때문에 마시는데 <br>제로탄산 부작용이 더 걱정된다
1,저 아줌마처럼 식탐 쩌는 여자랑 결혼하면 남자도 참 고달프겠다 식비 벌어대느라 등골 빠지겠네
1,짜파게티에 파김치 먹고 싶네요
1,일단 맛나게 드시니 보기 좋네요 ㅎ ㅎ
1,너무 귀여우셔서…
1,볼것도 없음 야식 안처먹으면 살빠지고 건강해짐 ㅇㅇ 인정함 근데 안처먹으면 인생 재미없음 ㅇㅇ 어떻게 살건지는 님이 선택 ㄱㄱ
1,“충격적이었어요 내 몸의 반이<br>지방이라니... ㅠㅠ” <br>다음장면 : 고로케와 쥬스먹방
1,술담배 안한다는 가정하에 야식 먹어도됨 만병의 근원은 술담배임
1,와..대단하다..먹방 유투버 해도 되겠다
1,저렇게 쳐 먹는데 펩시제로가 무슨 소용임 ㅋㅋㅋㅋ?
1,저 아줌마처럼 먹으며 살면 노년이 불행해집니다. 각종 성인병으로 고생하다가 큰병 걸려서 저 세상으로 갑니다. 먹는 걸 다스리고 몸에 좋은 걸 먹으려고 노력해야 행복한 노년을 보낼 수 있어요.
1,"<a href=""https://www.youtube.com/watch?v=ydAmc-oKzgM&amp;t=2m20s"">2:20</a> 치킨에 치즈볼에 볶음면이 2500칼로리요? 교촌 허니콤보가 최소 3000칼로린데....저거 다 합하면 4000칼로리 이상은 나와유...."
1,저렇게먹는데 매년 3-4키로밖에안찌는게 신기하넹
1,괜히 운동선수 집안이 아니네요 일단 골격이 좋으셔서
1,이쯤되면 먹방방송 컨텐츠를 노리고<br>제작한다는게 더 설득력이 있어보인다
1,찐먹신이시다
1,사람이 먹는게 아니라 지방덩어리가 먹는 모습같다…
1,겉모습만 봐도 몸 전부가 지방이네요. <br>저런식으로 먹고 거기다 운동도 안하는게 진짜 놀랍군요…
1,메뉴구성이 완전 먹잘알이시네 ㅋㅋ
1,아니 그런데...ㅋㅋㅋ 장사집안이네 ㅋㅋㅋㅋ 자식이 운동선수면 뭐 말다했지 ㅋㅋㅋ😊
1,"과식하고 빨리 관속으로 들어가면 될일이지 왜 스트레스 받나??<br>일안하고 돈벌고싶다<br>=과식,폭식,야식하면서 병안걸리고싶다<br>이게 말이돼??"
1,아 쳐먹능거 보고 있자니 죤나 꼴뵈기 싫네<br>여자든 남자든 돼지는 진짜 너무 싫다<br>몸에서 돼지냄새 죤나 풍겨 ㅡㅡ
1,아 강유미님 유투브인줄
1,왤케 맛있게 드십니까? 행복그자체
1,5분에 혈당재는거 무슨어플인가요??
1,핸드폰으로 혈당을 잴수 있습?? 첨보는데
1,이야 그냥 화면 스킵 넘기는데 그게 또 짜파게티 먹방이네 기가 막히네
1,아프리카 사람들처럼 굶어 죽는 것보다<br>맛있는 거 많이 먹고 살 쪄서 고혈압으로 죽는 게 났잖아요
1,먹는재미 포기가안됨~운동만 빡세게하면됨 그리고 어느순간 배부른 느낌이 짜증나는때가 옴 . .먹고 운동 안 하고 잠들면 미칠거같은 ㅋ ㅋ
1,"너무 행복해보이심ㅜㅜㅋㅋㅋ<br>음식을 너무 빨리 삼키시고, 야채들이 보이지 않는게 염려스러웠는데 결과가 딱 그렇네요ㅜㅜ<br>음식 즐겁게 계속 드셨으면 좋겠는데ㅜㅜㅜㅋㅋㅋㅋ<br>대신 야채를 좀더 곁들이시고, 쫌더 많이 씹어서 삼키세요😭😭건강하게 오래오래 맛있는거 드세여♡"
1,좀 뚱뚱하면 어떻냐? 밤에 야식을 함께 먹을 정도로 화목하다는 게 요즘 세상에선 최고로 중요하다.
1,드실줄 아시네
1,"짜장라면2개,고기,김밥.......밤에  그런게  쳐  들어가니?  습관이야  습관.....돼지 ㄴ..."
1,저녁에 늦게 먹는 야식은 건강에 해롭다는 것을 <br>10년간 야식먹고 알았음.<br>뱃살은 둘째치고 혈압 ㅜㅜ
1,절제없는 식욕때문에  어느새 몸이  망가져서 후회하면 그땐 돌이키기  힘들어요<br>😅😅😅
1,ㅋㅋ요리는 아들이다하네
1,스트레스가 만병의 근원인데 걍 마니드시고 행복하게 사시는게 더 좋는듯😊
1,이햐  <br> 어머님 아드님 두 분 먹방 하세요 ㅋ <br> 진짜 맛나게 맛있게 말끔하게 <br>왕창 잘드신다ㅏㅏㅏ
1,짠맛 중독 아재로 제가 생로병사에 12년전에 출연한 영상보다 10년후에 출연하신 심숙인 여사님이 저보다도 정말 맛있게 잘 드시는 것 같습니다~ ^^ <br>제 유튜브 채널이 개설되어 있으니 언제고 교류하실 일 있으시면 교류 하셨으면 합니다~ ^^
1,그냥...저렇게 행복하게 살다가 돌아가셔도 되지 않을까
1,세상에 맛있는 음식은 많고 살은찌고 ㅠ 행복하지만 짜중나 ㅜ
1,오잉 그냥 찍으면 혈당이 측정되요 ? 저거 뭔 어플이예요
1,저 평범한 체격의 20대 남자인데 저도 라면 두개 다 못먹어요<br>아주머니가 짜빠게티 두개도 모자라 고기에 깁밥까지 드시네요.
1,칼로히5천? 사람맞나
1,드시는거에 비하면 날씬하신듯
1,입덧땜에 입맛 없었는데 넘 맛있어보여요! 내일 저도 짜파게티 끓여먹으려구요 ㅎㅎ
1,야심한밤 과식 하면 배부르고 잠잘옴ㅋ
1,침 고인다
1,꿀조합. ㅇㅈㄹ..  ㅉㅉ
1,"<a href=""https://www.youtube.com/watch?v=ydAmc-oKzgM&amp;t=05m16s"">05:16</a> 이거 몬가요? 직접 체크하는건가? 워치낀건가요?"
1,저 남자분 잘 생겼는데.. 피부 관리.. 잘하지.. 잘 생긴 사람들 보면 피부관리 안해서 못생겨보이는 사람 많던데...
1,국물한방울없는뻑뻑한짜장라면이저렇게맛있어보이다니ㅜㅜ
1,먹잘알이시네 행복해보인다
1,우동이랑 치즈케익 간단한 식사?..
1,부럽다  저렇게먹을수있는용기가  먹고싶다  안돼 4 키로더빼야되4시저녁먹고 운동열라했는디
1,엄마가 아직까지 살아있는것만해도 다행이네 일찍 디진다 ㅋㅋㅋㅋ
1,ㅋㅋㅋ먹방 최고시다ㅋㅋㅋㅋㅋㅋ방송에서 뭐라뭐라 하는데 하나도안들림
1,와 ᆢ 엄청 잘 드시고 그게 다 소화된다니 부럽기도 하고 걱정도 되네요 ㅎ
1,"음식 섭취때 파프리카, 알배기배추 항시 두고 같이 섭취하면 좀 나아질것 같아요"
1,하루에 최대 먹었을때 2500칼로리까지 먹어봤는데 그런 후 한 사흘은 거의 굶다시피 하며 운동해야 회복되던데. 하루에 5000칼로리를 먹다니 ㅠ.ㅠ 먹고 행복해하는 모습은 보기 좋지만 결국 당뇨와 비만때문에 결코 행복하지 못한 결말일 것 같아 슬프네요. 소식이 건강을 위한 답이라 생각하지만 먹는걸 좋아하는 사람에겐 이 역시 고행이라 ㅠ.ㅠ
1,그럼 반대로 밤에 깨어있고 낮에 자는 사람은 언제가 야식인가요 😂
1,이상한게 야식 2536칼로리 라고했는데 야식을 혼자 전부다안먹었는데 왜 칼로리를 저렇게 표기한건지... 다른 간식도 공중파에서조차 왜저렇게 극단적인 상황 만드려고 하는건지... 정확하게 표기 해줬으면 함~
1,빵도 허접한거 아니고 징짜 맛있는걸로 드시네 ㅠ.ㅠ
1,아줌마 당뇨병 걸리면 후회 할텐데요
1,아주머니 그만좀 드세요 ㅠ
